publication_priority_order	publication_evidence_tier	publication_evidence_tier_rank	gene_symbol	frozen_discovery_rank_unchanged	exploratory_cross_model_rank	cross_model_resilience_score	omn_log2_effect_omn_vs_sc	omn_p_value	omn_q_value	disease_sma_vs_control_log2_effect	treatment_r6_vs_scramble_log2_effect	gse108094_sma_vs_control_log2_effect	all_estimable_biological_unit_checks_robust	local9_disease_raw_log2_effect	local9_disease_raw_p_value	local9_disease_raw_q_value	local9_disease_raw_lolo_folds_tested	local9_disease_raw_lolo_all_same_direction	local9_treatment_raw_log2_effect	local9_treatment_raw_p_value	local9_treatment_raw_q_value	local9_treatment_raw_treatment_lines	local9_treatment_raw_treatment_lines_same_direction	local9_raw_disease_opposes_natural	local9_raw_r6_aligns_natural	local9_raw_disease_lolo_robust	local9_raw_treatment_line_robust	local9_raw_full_directional_pattern	local9_raw_direction_and_unit_robust	local9_raw_confirmation_tier	gse69175_disease_opposes_natural	gse290980_mn_opposes_natural_resistance	gse243076_adult_mn_detected	gse243076_adult_mn_localized	strict_splicing	raw_confirmation_is_independent_validation
1	tier_1_raw_and_processed_unit_robust	1	LY6H	2	1	0.963755959738654	5.56956232252201	0.00983889596569927	0.719026517173303	-0.524582051718092	0.259537495315928	-7.54905	TRUE	-1.29243680215301	0.0242271387032677	0.367921740824065	5	TRUE	0.383647521894232	0.23935076560927	0.934520059959741	2	TRUE	TRUE	TRUE	TRUE	TRUE	TRUE	TRUE	raw_direction_and_unit_robust	FALSE	FALSE	TRUE	FALSE	FALSE	FALSE
2	tier_1_raw_and_processed_unit_robust	1	HS3ST5	3	2	0.95982694684796	4.31559940946611	0.0163287363292541	0.762581209619465	-0.967130457888476	0.364466404606172	-1.10274	TRUE	-1.39391667885757	0.100945677648528	0.548439768328671	5	TRUE	0.757359150647218	0.0686468568265481	0.934520059959741	2	TRUE	TRUE	TRUE	TRUE	TRUE	TRUE	TRUE	raw_direction_and_unit_robust	FALSE	FALSE	TRUE	FALSE	FALSE	FALSE
3	tier_1_raw_and_processed_unit_robust	1	ZNF853	50	7	0.882637294720113	4.67609098010357	0.0221047187779282	0.762581209619465	-0.146653187308918	0.215002504535338	-1.18673	TRUE	-0.616359756252208	0.081360510152026	0.516452992514415	5	TRUE	0.281497957894192	0.162362722771674	0.934520059959741	2	TRUE	TRUE	TRUE	TRUE	TRUE	TRUE	TRUE	raw_direction_and_unit_robust	FALSE	FALSE	TRUE	FALSE	FALSE	FALSE
4	tier_1_raw_and_processed_unit_robust	1	IL17D	89	15	0.857098710930602	4.8856868304971	0.0208315926556746	0.762581209619465	-0.450993321742151	0.0525133942880318	-1.18703	TRUE	-1.00998437172959	0.0697647231168449	0.492567886671013	5	TRUE	0.131141910299195	0.689278020900546	0.969687690170271	2	TRUE	TRUE	TRUE	TRUE	TRUE	TRUE	TRUE	raw_direction_and_unit_robust	FALSE	FALSE	TRUE	FALSE	FALSE	FALSE
5	tier_2_raw_unit_robust	2	LSAMP	81	13	0.862241744658308	2.44743885648062	0.0138441658167362	0.762581209619465	-0.228967900179199	0.171405824360718	-1.0213	FALSE	-0.476449410781651	0.176858693515289	0.633413779647425	5	TRUE	0.280236917984388	0.238435661281515	0.934520059959741	2	TRUE	TRUE	TRUE	TRUE	TRUE	TRUE	TRUE	raw_direction_and_unit_robust	FALSE	FALSE	TRUE	FALSE	FALSE	FALSE
6	tier_2_raw_unit_robust	2	FAAH	98	16	0.851558361292601	4.26282622031241	0.0229347506751783	0.762581209619465	-0.243246065102207	0.11889577969623	-0.672111	FALSE	-0.694561189966287	0.171271403115283	0.627598472971099	5	TRUE	0.42573333427481	0.156932636470733	0.934520059959741	2	TRUE	TRUE	TRUE	TRUE	TRUE	TRUE	TRUE	raw_direction_and_unit_robust	FALSE	FALSE	TRUE	FALSE	FALSE	FALSE
7	tier_2_raw_unit_robust	2	C12orf60	143	20	0.827233798340102	4.98440661615806	0.0236337253565432	0.762581209619465	-0.10277878339762	0.119507839368144	-0.783205	FALSE	-0.274957941883322	0.634524780670657	0.90386933259607	5	TRUE	0.446769148631846	0.367289585151989	0.934520059959741	2	TRUE	TRUE	TRUE	TRUE	TRUE	TRUE	TRUE	raw_direction_and_unit_robust	FALSE	FALSE	TRUE	FALSE	FALSE	FALSE
8	tier_2_raw_unit_robust	2	KCNJ4	150	22	0.822752957796221	4.5906315043317	0.0244030913139715	0.762581209619465	-0.0882517806626377	0.11025567794923	-0.964349	FALSE	-0.657688422165745	0.261281963866351	0.707043580080377	5	TRUE	0.223144246675544	0.406023222431723	0.936030439498649	2	TRUE	TRUE	TRUE	TRUE	TRUE	TRUE	TRUE	raw_direction_and_unit_robust	FALSE	FALSE	TRUE	FALSE	FALSE	FALSE
9	tier_2_raw_unit_robust	2	CABLES2	225	25	0.792093413385132	4.3108808447083	0.00436412567375344	0.547781056897159	-0.115992522298723	0.0578237653341124	-0.797231	FALSE	-0.250493647700264	0.550817072898916	0.870645274893564	5	TRUE	0.257009700844178	0.277162740477276	0.934520059959741	2	TRUE	TRUE	TRUE	TRUE	TRUE	TRUE	TRUE	raw_direction_and_unit_robust	FALSE	FALSE	TRUE	FALSE	FALSE	FALSE
10	tier_3_processed_unit_robust	3	PNCK	74	10	0.863323326858556	3.73947292984721	0.0366370534982643	0.812245371900031	-1.62289615603057	0.034322202124933	-1.82301	TRUE	-1.85680354718215	0.0282865980776351	0.385197443982933	5	TRUE	-0.0639726307349229	0.839017190483159	0.988022013113797	2	FALSE	TRUE	FALSE	TRUE	FALSE	FALSE	FALSE	raw_tested_not_full_pattern	FALSE	FALSE	TRUE	FALSE	FALSE	FALSE
11	tier_3_processed_unit_robust	3	CLPTM1	114	17	0.841338513155571	2.31970758901441	0.0469116546529065	0.833874019440457	-0.218746348969101	0.179674965270909	-0.590703	TRUE	-0.648543982192086	0.069329070562557	0.491873033032949	5	TRUE	0.0509332394948571	0.792034148272426	0.984169108060176	2	FALSE	TRUE	TRUE	TRUE	FALSE	TRUE	FALSE	raw_direction_only	FALSE	FALSE	TRUE	FALSE	FALSE	FALSE
12	tier_3_processed_unit_robust	3	PDPR	341	30	0.761257284125022	3.30401595978975	0.0221408959498852	0.762581209619465	-0.340968901332952	0.081333480757454	-0.0353508	TRUE	-0.181967561770827	0.586210883368588	0.885569061852203	5	TRUE	0.130254898145327	0.530304098804701	0.951178420843688	2	FALSE	TRUE	TRUE	TRUE	FALSE	TRUE	FALSE	raw_direction_only	FALSE	FALSE	TRUE	FALSE	FALSE	FALSE
13	tier_4_raw_direction_only	4	HEY1	14	3	0.930182765318736	4.65021817141024	0.00412209659182194	0.537933605232763	-0.327714204586629	0.212407072197795	-3.29587	FALSE	-0.868931700225061	0.127219015829785	0.583015602294874	5	TRUE	0.303896268565585	0.586992621033426	0.957127959384601	2	FALSE	TRUE	TRUE	TRUE	FALSE	TRUE	FALSE	raw_direction_only	TRUE	FALSE	TRUE	FALSE	FALSE	FALSE
14	tier_4_raw_direction_only	4	NRN1	52	8	0.881577785625993	4.7264446801298	0.045933741363966	0.833874019440457	-0.125516326725654	0.289758642664256	-0.914511	FALSE	-0.902632567898959	0.139679271216619	0.597029193199458	5	TRUE	0.612611293031043	0.283874950770601	0.934520059959741	2	FALSE	TRUE	TRUE	TRUE	FALSE	TRUE	FALSE	raw_direction_only	FALSE	FALSE	TRUE	FALSE	FALSE	FALSE
15	tier_4_raw_direction_only	4	KCNIP2	54	9	0.878399258343634	4.69363601900335	0.0268689679331141	0.776654871893869	-0.275365237083269	0.116817883359381	-1.45109	FALSE	-1.05388078762307	0.159020182224429	0.616052627393343	5	TRUE	0.343439789793242	0.372587700431787	0.934520059959741	2	FALSE	TRUE	TRUE	TRUE	FALSE	TRUE	FALSE	raw_direction_only	FALSE	FALSE	TRUE	FALSE	FALSE	FALSE
16	tier_4_raw_direction_only	4	ROBO2	87	14	0.858798340102419	3.01461788719088	0.0239287940413093	0.762581209619465	-0.225148272454748	0.162863528820008	-0.715684	FALSE	-0.271611139367643	0.562641759243599	0.874937123525763	5	TRUE	0.139688808119844	0.476140616750407	0.94584844397081	2	FALSE	TRUE	TRUE	TRUE	FALSE	TRUE	FALSE	raw_direction_only	TRUE	FALSE	TRUE	FALSE	FALSE	FALSE
17	tier_4_raw_direction_only	4	UGT8	147	21	0.824651244923186	5.22949107795885	0.0249263226691742	0.764670753076924	-0.323596093922616	0.0307002431993206	-1.11705	FALSE	-0.534260447185271	0.390963935304196	0.792020448531303	5	TRUE	0.255473220949584	0.489856283069869	0.946048888251242	2	FALSE	TRUE	TRUE	TRUE	FALSE	TRUE	FALSE	raw_direction_only	FALSE	FALSE	TRUE	FALSE	FALSE	FALSE
18	tier_4_raw_direction_only	4	CTBP1-DT	307	29	0.771896521278474	4.96606931543284	0.0137228434427572	0.762581209619465	-0.218692764774816	0.0553113294584805	-0.281586	FALSE	-0.557808649591716	0.270527940762766	0.71479324250483	5	TRUE	0.0188759476881015	0.931883974018077	0.993397415642686	2	FALSE	TRUE	TRUE	TRUE	FALSE	TRUE	FALSE	raw_direction_only	FALSE	FALSE	TRUE	FALSE	FALSE	FALSE
19	tier_4_raw_direction_only	4	RAB28	355	31	0.75960180116546	4.83515076420511	0.0109377788222956	0.746265133506253	-0.00450410298941493	0.139770083246733	-0.291883	FALSE	-0.182419458013035	0.691412120720147	0.923362842740495	5	FALSE	0.462555366996814	0.242935572558134	0.934520059959741	2	FALSE	TRUE	TRUE	FALSE	FALSE	TRUE	FALSE	raw_direction_only	FALSE	FALSE	TRUE	FALSE	FALSE	FALSE
20	tier_4_raw_direction_only	4	SHQ1	482	32	0.736888574960268	4.7887517414343	0.0182922883297769	0.762581209619465	-0.0281738860237375	0.143149265642894	-0.0788579	FALSE	-1.8718639953826	0.14665926507149	0.60450312099541	5	FALSE	2.04093552831955	0.163164792574177	0.934520059959741	2	TRUE	TRUE	TRUE	FALSE	TRUE	TRUE	FALSE	raw_direction_only	FALSE	TRUE	TRUE	FALSE	FALSE	FALSE
21	tier_4_raw_direction_only	4	SPIN1	558	33	0.726536288186474	2.54914257637104	0.0426630113640322	0.826592907541054	-0.178566644842599	0.0934210288379487	-0.0168723	FALSE	-0.195969300001012	0.565173811530785	0.875437410664169	5	TRUE	0.136232031205978	0.536673773531971	0.95171355492141	2	FALSE	TRUE	TRUE	TRUE	FALSE	TRUE	FALSE	raw_direction_only	TRUE	FALSE	TRUE	FALSE	FALSE	FALSE
22	tier_4_raw_direction_only	4	SLC38A9	600	34	0.722033374536465	3.68973719111317	0.0418613788643521	0.820634123046729	-0.110105628264891	0.0251364753013789	-0.338135	FALSE	-0.0707818697719083	0.869208187963611	0.971682411907361	5	FALSE	0.0138930065215951	0.955828184435299	0.995373548479287	2	FALSE	TRUE	TRUE	FALSE	FALSE	TRUE	FALSE	raw_direction_only	FALSE	FALSE	TRUE	FALSE	FALSE	FALSE
23	tier_5_other_cross_model	5	ADCYAP1R1	20	4	0.920713402790041	2.23022801251709	0.0241316227422877	0.762581209619465	-0.329056999387587	0.30581922869228	-7.28912	FALSE	-2.05315088329648	0.0105128286903754	0.284917125710451	5	TRUE	-0.0926834785181165	0.729138605610381	0.976623804698921	2	FALSE	TRUE	FALSE	TRUE	FALSE	FALSE	FALSE	raw_tested_not_full_pattern	FALSE	FALSE	TRUE	FALSE	FALSE	FALSE
24	tier_5_other_cross_model	5	HLA-DPB1	32	5	0.90557125198658	5.79253258195433	0.00149499094582379	0.372456607911827	-0.211315898323415	0.293378963355181	-0.919072	FALSE	0.279776429506662	0.779930632906889	0.950997794270021	5	FALSE	0.763319775558174	0.100819795775452	0.934520059959741	2	TRUE	FALSE	TRUE	FALSE	TRUE	FALSE	FALSE	raw_tested_not_full_pattern	FALSE	FALSE	TRUE	FALSE	FALSE	FALSE
25	tier_5_other_cross_model	5	ZMAT4	36	6	0.901553946671376	4.11572099992433	0.0336839996371909	0.810931194779401	-0.227468221082072	0.17418867952973	-3.11972	FALSE	-0.631859538983577	0.274982911203109	0.717855002459965	5	TRUE	-0.0345633456600285	0.931632300649345	0.993397415642686	2	FALSE	TRUE	FALSE	TRUE	FALSE	FALSE	FALSE	raw_tested_not_full_pattern	FALSE	FALSE	TRUE	FALSE	FALSE	FALSE
26	tier_5_other_cross_model	5	LINC00665	75	11	0.862926010948261	3.7323716244071	0.0242696789006862	0.762581209619465	-0.342931113609151	0.0805843873589721	-1.47993	FALSE	-0.448903384073651	0.245599245975511	0.695997207814392	5	TRUE	-0.177192921145438	0.450963114021175	0.938812289996275	2	FALSE	TRUE	FALSE	TRUE	FALSE	FALSE	FALSE	raw_tested_not_full_pattern	FALSE	FALSE	TRUE	FALSE	TRUE	FALSE
27	tier_5_other_cross_model	5	FCSK	78	12	0.862683206780858	4.34639227098239	0.0235608250625213	0.762581209619465	-0.581283645947002	0.144445580028208	-0.312678	FALSE	-0.623218263611543	0.191941397631275	0.646453234640871	5	TRUE	-0.159984845422038	0.587225272789735	0.957127959384601	2	TRUE	TRUE	FALSE	TRUE	TRUE	FALSE	FALSE	raw_tested_not_full_pattern	FALSE	FALSE	TRUE	FALSE	FALSE	FALSE
28	tier_5_other_cross_model	5	LRRC4	123	18	0.8369459650362	4.27832706497409	0.0246625361882659	0.762581209619465	-0.201875503085118	0.052549517790552	-3.88223	FALSE	-0.249305620415259	0.715188998652253	0.931577521335854	5	FALSE	-0.000582124111339019	0.998080062801919	0.999874723775959	2	FALSE	TRUE	FALSE	FALSE	FALSE	FALSE	FALSE	raw_tested_not_full_pattern	TRUE	FALSE	TRUE	FALSE	FALSE	FALSE
29	tier_5_other_cross_model	5	PFKFB2	137	19	0.829021719936429	3.11050667207864	0.0465383509011254	0.833874019440457	-0.224782901201603	0.102097824989652	-0.658632	FALSE	-0.769161053664326	0.116097663152478	0.571576288094341	5	TRUE	-0.120560499963996	0.629212355783834	0.96223262288088	2	FALSE	TRUE	FALSE	TRUE	FALSE	FALSE	FALSE	raw_tested_not_full_pattern	FALSE	TRUE	TRUE	FALSE	FALSE	FALSE
30	tier_5_other_cross_model	5	ADHFE1	162	23	0.817080169521455	5.83626408150612	0.021303186423718	0.762581209619465	-0.604805406612806	0.000933577899158932	-0.843716	FALSE	-0.92624372284844	0.103720212162541	0.551258858648004	5	TRUE	-0.208192934489517	0.543620195940213	0.952660340842775	2	TRUE	TRUE	FALSE	TRUE	TRUE	FALSE	FALSE	raw_tested_not_full_pattern	FALSE	FALSE	TRUE	FALSE	FALSE	FALSE
31	tier_5_other_cross_model	5	ZNF615	185	24	0.807897757372417	4.31705227193906	0.0444875116399408	0.828435055374345	-0.837371734657717	0.00968265270727818	-0.529127	FALSE	-0.539948214359603	0.404762111084139	0.799881252466315	5	FALSE	-0.138637332833887	0.640996584979712	0.963976242737893	2	FALSE	TRUE	FALSE	FALSE	FALSE	FALSE	FALSE	raw_tested_not_full_pattern	FALSE	FALSE	TRUE	FALSE	FALSE	FALSE
32	tier_5_other_cross_model	5	TTTY15	229	26	0.791409147095179	4.09731776090574	0.0377950172293744	0.812245371900031	-0.137373405058467	0.0338338738554326	-1.39812	FALSE											FALSE	FALSE	FALSE	FALSE	FALSE	FALSE	raw_not_mapped	FALSE	FALSE	FALSE	FALSE	FALSE	FALSE
33	tier_5_other_cross_model	5	ATP9B	247	27	0.786376478898111	4.84320840617174	0.00828478247975048	0.68455617243486	-0.255480098742356	0.00941963716021901	-0.768939	FALSE	-0.403637857623751	0.255102681665349	0.703020184445056	5	TRUE	-0.0279510988016079	0.874303310951873	0.990052770221367	2	TRUE	TRUE	FALSE	TRUE	TRUE	FALSE	FALSE	raw_tested_not_full_pattern	TRUE	FALSE	TRUE	FALSE	FALSE	FALSE
34	tier_5_other_cross_model	5	ZNF204P	288	28	0.775516510683383	5.37598246245355	0.000926068109056346	0.30236394924679	-0.160119118172615	0.0394179733249716	-0.518704	FALSE											FALSE	FALSE	FALSE	FALSE	FALSE	FALSE	raw_not_mapped	FALSE	FALSE	FALSE	FALSE	FALSE	FALSE
35	tier_5_other_cross_model	5	EIF4ENIF1	860	35	0.696053328624404	2.88597381109235	0.043543154577824	0.82704278249828	-0.0965153250417427	0.00671321153361582	-0.345277	FALSE	-0.147230682239341	0.678093847442888	0.919912165515785	5	FALSE	-0.0795425700425408	0.658717365954929	0.966491317891938	2	TRUE	TRUE	FALSE	FALSE	TRUE	FALSE	FALSE	raw_tested_not_full_pattern	TRUE	FALSE	TRUE	FALSE	FALSE	FALSE
36	tier_5_other_cross_model	5	ZNF827	883	36	0.69371357937489	2.69483789642502	0.0377572362033816	0.812245371900031	-0.0476541893244989	0.0710338813541046	-0.124515	FALSE	-0.392817942665614	0.289180827772431	0.726656368252087	5	TRUE	-0.124654247450362	0.497556511010273	0.946479885321683	2	TRUE	TRUE	FALSE	TRUE	TRUE	FALSE	FALSE	raw_tested_not_full_pattern	FALSE	FALSE	TRUE	FALSE	FALSE	FALSE
37	tier_5_other_cross_model	5	RIOX1	922	37	0.688791276708458	6.06196624452321	0.00710945692808774	0.633006046312773	-0.104429142050512	0.0075546114988513	-0.151483	FALSE	-0.253340554715538	0.57014521514994	0.878004293462528	5	FALSE	-0.0632243709121869	0.801427038891763	0.984239459432951	2	FALSE	TRUE	FALSE	FALSE	FALSE	FALSE	FALSE	raw_tested_not_full_pattern	FALSE	FALSE	TRUE	FALSE	FALSE	FALSE
