event_key	event_type	gene_symbol	chromosome	strand	disease_exact_matches	treatment_exact_matches	disease_same_gene_class_candidates	treatment_same_gene_class_candidates	disease_same_locus_candidates	treatment_same_locus_candidates	disease_best_coordinate_matches	treatment_best_coordinate_matches	disease_coordinate_fields	treatment_coordinate_fields	disease_structural_match_reason	treatment_structural_match_reason	disease_best_coordinate_mismatch	treatment_best_coordinate_mismatch	disease_raw_event_id	treatment_raw_event_id	disease_raw_delta	treatment_raw_delta	disease_p_value	disease_rmats_fdr_target_locus_discovery	treatment_p_value	treatment_rmats_fdr_target_locus_discovery	raw_control_mean_psi	raw_sma_mean_psi	raw_scramble_mean_psi	raw_r6_mean_psi	S2_raw_disease_psi	S3_raw_disease_psi	S2_raw_scramble_psi	S3_raw_scramble_psi	S2_raw_r6_psi	S3_raw_r6_psi	S2_raw_treatment_delta	S3_raw_treatment_delta	S2_raw_distance_improvement	S3_raw_distance_improvement	sma_median_informative_jc	control_median_informative_jc	r6_median_informative_jc	scramble_median_informative_jc	minimum_group_median_informative_jc	structurally_recovered	adequate_junction_support	disease_direction_reproduced	treatment_reversal_reproduced	S2_corrected	S3_corrected	both_lines_corrected	strong_raw_confirmation	structural_recovery_reason	raw_confirmation_limiting_reason	disease_within83_q	treatment_within83_q	processed_disease_delta	processed_treatment_delta	processed_disease_fdr	processed_treatment_fdr
ES|YWHAE|chr17|-|1361091|1361298|1344539|1345499|1364858|1365058	ES	YWHAE	chr17	-	0	0	18	20	18	20	5	3	6	6	event_coordinate_mismatch	event_coordinate_mismatch	upstreamES:raw=1344274,frozen=1344539	exonStart_0base:raw=1354210,frozen=1361091;exonEnd:raw=1354347,frozen=1361298;upstreamES:raw=1344274,frozen=1344539																												FALSE	FALSE	FALSE	FALSE	FALSE	FALSE	FALSE	FALSE	disease_event_coordinate_mismatch;treatment_event_coordinate_mismatch	disease_event_coordinate_mismatch;treatment_event_coordinate_mismatch			-0.115	0.101	4.90799006138171e-07	0.0180871569425362
ES|TEX30|chr13|-|102770011|102770086|102769310|102769541|102773681|102773821	ES	TEX30	chr13	-	0	0	2	3	2	3	5	5	6	6	event_coordinate_mismatch	event_coordinate_mismatch	downstreamEE:raw=102773786,frozen=102773821	downstreamEE:raw=102773786,frozen=102773821																												FALSE	FALSE	FALSE	FALSE	FALSE	FALSE	FALSE	FALSE	disease_event_coordinate_mismatch;treatment_event_coordinate_mismatch	disease_event_coordinate_mismatch;treatment_event_coordinate_mismatch			-0.305	0.209	0.00337719302858437	0.0205026174883029
ES|CCDC15|chr11|+|124993168|124993243|124987126|124988134|125003866|125003959	ES	CCDC15	chr11	+	1	0	3	2	3	2	6	2	6	6	exact_match	event_coordinate_mismatch		exonStart_0base:raw=124991460,frozen=124993168;exonEnd:raw=124991583,frozen=124993243;downstreamES:raw=124992579,frozen=125003866;downstreamEE:raw=124992687,frozen=125003959																												FALSE	FALSE	FALSE	FALSE	FALSE	FALSE	FALSE	FALSE	disease_exact_match;treatment_event_coordinate_mismatch	disease_exact_match;treatment_event_coordinate_mismatch			0.126	-0.138	0.00996168977101418	0.000906133846359051
ES|OTUD3|chr1|+|19894367|19894480|19890384|19890533|19897539|19897662	ES	OTUD3	chr1	+	1	1	6	6	6	6	6	6	6	6	exact_match	exact_match			53333	53287	-0.002	0.167	0.843199516515	1	0.0809889266983	0.636297477498345	0.861	0.8595	0.664	0.8305	0.868	0.851	0.851	0.477	0.788	0.873	-0.0629999999999999	0.396	-0.0629999999999999	0.372	23.5	28	20.5	36	20.5	TRUE	TRUE	FALSE	TRUE	FALSE	TRUE	FALSE	FALSE	recovered	disease_direction_not_reproduced	1	0.5669224868881	-0.135	0.108	7.76129364688834e-06	0.034312273735741
ES|TXNDC11|chr16|-|11733981|11734079|11721576|11721670|11736016|11736233	ES	TXNDC11	chr16	-	1	1	16	7	16	7	6	6	6	6	exact_match	exact_match			30229	30211	-0.086	-0.108	1	1	0.772992937349	1	1	0.9145	1	0.892	0.829	1	1	1	0.784	1	-0.216	0	-0.216	0	12	30	20.5	13	12	TRUE	TRUE	TRUE	FALSE	FALSE	FALSE	FALSE	FALSE	recovered	treatment_reversal_not_reproduced	1	1	-0.116	0.129	2.72564693626753e-07	0.00471397189586451
ES|IFI27L1|chr14|+|94101813|94101975|94096840|94096965|94102476|94102714	ES	IFI27L1	chr14	+	0	0	8	9	8	9	5	5	6	6	event_coordinate_mismatch	event_coordinate_mismatch	downstreamEE:raw=94102536,frozen=94102714	downstreamEE:raw=94102536,frozen=94102714																												FALSE	FALSE	FALSE	FALSE	FALSE	FALSE	FALSE	FALSE	disease_event_coordinate_mismatch;treatment_event_coordinate_mismatch	disease_event_coordinate_mismatch;treatment_event_coordinate_mismatch			-0.318	0.196	6.89325021668726e-09	0.00751115556244436
ES|TTLL3|chr3|+|9817644|9817759|9813247|9813345|9818821|9818920	ES	TTLL3	chr3	+	0	0	20	14	20	14	5	5	6	6	event_coordinate_mismatch	event_coordinate_mismatch	downstreamES:raw=9818554,frozen=9818821	downstreamEE:raw=9818871,frozen=9818920																												FALSE	FALSE	FALSE	FALSE	FALSE	FALSE	FALSE	FALSE	disease_event_coordinate_mismatch;treatment_event_coordinate_mismatch	disease_event_coordinate_mismatch;treatment_event_coordinate_mismatch			-0.137	0.124	0.012260964837008	0.000124233231457694
ES|MAD1L1|chr7|-|2230548|2230764|2222574|2222754|2232871|2232948	ES	MAD1L1	chr7	-	0	0	10	9	10	9	5	3	6	6	event_coordinate_mismatch	event_coordinate_mismatch	downstreamEE:raw=2232974,frozen=2232948	exonStart_0base:raw=2229983,frozen=2230548;exonEnd:raw=2230143,frozen=2230764;downstreamEE:raw=2232945,frozen=2232948																												FALSE	FALSE	FALSE	FALSE	FALSE	FALSE	FALSE	FALSE	disease_event_coordinate_mismatch;treatment_event_coordinate_mismatch	disease_event_coordinate_mismatch;treatment_event_coordinate_mismatch			0.232	-0.105	1.21682937651622e-06	0.00120915914150496
ES|NCKAP5|chr2|-|132781939|132785718|132773815|132773894|132790022|132790205	ES	NCKAP5	chr2	-	0	1	2	2	2	2	0	6	6	6	event_coordinate_mismatch	exact_match	exonStart_0base:raw=132731736,frozen=132781939;exonEnd:raw=132732051,frozen=132785718;upstreamES:raw=132671805,frozen=132773815;upstreamEE:raw=132673305,frozen=132773894;downstreamES:raw=132773815,frozen=132790022;downstreamEE:raw=132773894,frozen=132790205																													FALSE	FALSE	FALSE	FALSE	FALSE	FALSE	FALSE	FALSE	disease_event_coordinate_mismatch;treatment_exact_match	disease_event_coordinate_mismatch;treatment_exact_match			-0.19	0.165	5.28878329734775e-05	0.0298705570606936
ES|NCALD|chr8|-|101779923|101779979|101692790|101692896|101790861|101791211	ES	NCALD	chr8	-	0	0	20	23	20	23	3	3	6	6	event_coordinate_mismatch	event_coordinate_mismatch	upstreamES:raw=101719385,frozen=101692790;upstreamEE:raw=101719648,frozen=101692896;downstreamEE:raw=101790947,frozen=101791211	upstreamES:raw=101719385,frozen=101692790;upstreamEE:raw=101719648,frozen=101692896;downstreamEE:raw=101790947,frozen=101791211																												FALSE	FALSE	FALSE	FALSE	FALSE	FALSE	FALSE	FALSE	disease_event_coordinate_mismatch;treatment_event_coordinate_mismatch	disease_event_coordinate_mismatch;treatment_event_coordinate_mismatch			-0.224	0.108	0.0057022366766302	0.00209545339598344
ES|GOLGA4|chr3|+|37273535|37273601|37243190|37243622|37281957|37282272	ES	GOLGA4	chr3	+	0	0	22	13	22	13	4	4	6	6	event_coordinate_mismatch	event_coordinate_mismatch	upstreamES:raw=37251394,frozen=37243190;upstreamEE:raw=37251484,frozen=37243622	upstreamES:raw=37251394,frozen=37243190;upstreamEE:raw=37251484,frozen=37243622																												FALSE	FALSE	FALSE	FALSE	FALSE	FALSE	FALSE	FALSE	disease_event_coordinate_mismatch;treatment_event_coordinate_mismatch	disease_event_coordinate_mismatch;treatment_event_coordinate_mismatch			-0.149	0.143	0.00683073014240383	0.000127655214884079
ES|KIZ|chr20|+|21145564|21145654|21125982|21126204|21161870|21162507	ES	KIZ	chr20	+	1	1	12	12	12	12	6	6	6	6	exact_match	exact_match			14371	14361	-0.37	0.141	7.52832968742e-07	5.39767102263384e-05	0.323344801728	1	0.888333333333333	0.5185	0.738	0.879	0.57	0.467	0.67	0.806	0.758	1	0.088	0.194	0.088	-0.0293333333333334	24.5	45	11.5	20	11.5	TRUE	TRUE	TRUE	TRUE	TRUE	FALSE	FALSE	FALSE	recovered	correction_not_reproduced_in_both_lines	5.269830781194e-06	0.841285710995333	-0.146	0.129	6.94564861138343e-05	0.00109368251233877
ES|UBQLN1|chr9|-|83678421|83678599|83677726|83677961|83707499|83708253	ES	UBQLN1	chr9	-	0	0	28	11	28	11	4	4	6	6	event_coordinate_mismatch	event_coordinate_mismatch	exonStart_0base:raw=83678440,frozen=83678421;downstreamEE:raw=83707601,frozen=83708253	exonStart_0base:raw=83678440,frozen=83678421;downstreamEE:raw=83707601,frozen=83708253																												FALSE	FALSE	FALSE	FALSE	FALSE	FALSE	FALSE	FALSE	disease_event_coordinate_mismatch;treatment_event_coordinate_mismatch	disease_event_coordinate_mismatch;treatment_event_coordinate_mismatch			-0.302	0.148	1.44139067896781e-05	0.000505750049030733
ES|DENND3|chr8|+|141150097|141150348|141144147|141144259|141150833|141150953	ES	DENND3	chr8	+	0	0	9	10	9	10	5	5	6	6	event_coordinate_mismatch	event_coordinate_mismatch	exonEnd:raw=141150285,frozen=141150348	exonEnd:raw=141150285,frozen=141150348																												FALSE	FALSE	FALSE	FALSE	FALSE	FALSE	FALSE	FALSE	disease_event_coordinate_mismatch;treatment_event_coordinate_mismatch	disease_event_coordinate_mismatch;treatment_event_coordinate_mismatch			0.297	-0.221	0.0433144902084394	0.00041328005539524
ES|LOC155060|chr7|+|149293750|149293842|149293376|149293492|149294379|149294412	ES	LOC155060	chr7	+	0	0	0	0	0	0	0	0	6	6	no_same_gene_event_class_candidate	no_same_gene_event_class_candidate																														FALSE	FALSE	FALSE	FALSE	FALSE	FALSE	FALSE	FALSE	disease_no_same_gene_event_class_candidate;treatment_no_same_gene_event_class_candidate	disease_no_same_gene_event_class_candidate;treatment_no_same_gene_event_class_candidate			0.224	-0.121	1.78829078823424e-08	0.0083480898850844
ES|ORC3|chr6|+|87594526|87594613|87594352|87594407|87603383|87603528	ES	ORC3	chr6	+	0	1	5	7	5	7	4	6	6	6	event_coordinate_mismatch	exact_match	downstreamES:raw=87601783,frozen=87603383;downstreamEE:raw=87601881,frozen=87603528																													FALSE	FALSE	FALSE	FALSE	FALSE	FALSE	FALSE	FALSE	disease_event_coordinate_mismatch;treatment_exact_match	disease_event_coordinate_mismatch;treatment_exact_match			0.113	-0.156	0.0191552972681311	0.00107207426719848
ES|ORC3|chr6|+|87594541|87594613|87594352|87594407|87603383|87603528	ES	ORC3	chr6	+	0	1	5	7	5	7	4	6	6	6	event_coordinate_mismatch	exact_match	exonStart_0base:raw=87601783,frozen=87594541;exonEnd:raw=87601881,frozen=87594613																													FALSE	FALSE	FALSE	FALSE	FALSE	FALSE	FALSE	FALSE	disease_event_coordinate_mismatch;treatment_exact_match	disease_event_coordinate_mismatch;treatment_exact_match			0.22	-0.207	0.00763259520039361	0.00718839868173562
ES|CUL9|chr6|+|43206323|43206510|43206006|43206235|43213148|43213294	ES	CUL9	chr6	+	0	0	1	4	1	4	5	5	6	6	event_coordinate_mismatch	event_coordinate_mismatch	exonStart_0base:raw=43206320,frozen=43206323	exonStart_0base:raw=43206320,frozen=43206323																												FALSE	FALSE	FALSE	FALSE	FALSE	FALSE	FALSE	FALSE	disease_event_coordinate_mismatch;treatment_event_coordinate_mismatch	disease_event_coordinate_mismatch;treatment_event_coordinate_mismatch			0.141	-0.122	0.000145648777151627	0.00978491326682352
ES|CCT3|chr1|-|156335826|156335883|156333546|156333643|156338153|156338415	ES	CCT3	chr1	-	0	0	15	14	15	14	2	2	6	6	event_coordinate_mismatch	event_coordinate_mismatch	exonStart_0base:raw=156334712,frozen=156335826;exonEnd:raw=156334775,frozen=156335883;downstreamES:raw=156334867,frozen=156338153;downstreamEE:raw=156334918,frozen=156338415	exonStart_0base:raw=156334712,frozen=156335826;exonEnd:raw=156334775,frozen=156335883;downstreamES:raw=156334867,frozen=156338153;downstreamEE:raw=156334918,frozen=156338415																												FALSE	FALSE	FALSE	FALSE	FALSE	FALSE	FALSE	FALSE	disease_event_coordinate_mismatch;treatment_event_coordinate_mismatch	disease_event_coordinate_mismatch;treatment_event_coordinate_mismatch			-0.179	0.131	0.00200198915113039	0.00098708696486019
ES|GAS8|chr16|+|90027635|90027722|90022599|90022724|90031189|90031484	ES	GAS8	chr16	+	0	0	8	8	8	8	5	4	6	6	event_coordinate_mismatch	event_coordinate_mismatch	downstreamEE:raw=90031406,frozen=90031484	downstreamES:raw=90031175,frozen=90031189;downstreamEE:raw=90031189,frozen=90031484																												FALSE	FALSE	FALSE	FALSE	FALSE	FALSE	FALSE	FALSE	disease_event_coordinate_mismatch;treatment_event_coordinate_mismatch	disease_event_coordinate_mismatch;treatment_event_coordinate_mismatch			-0.153	0.109	5.05482599662212e-07	0.000654518848117336
ES|ZCCHC12|chrX|+|118824338|118824386|118823823|118824005|118824588|118824713	ES	ZCCHC12	chrX	+	0	1	4	2	4	2	5	6	6	6	event_coordinate_mismatch	exact_match	exonEnd:raw=118824390,frozen=118824386																													FALSE	FALSE	FALSE	FALSE	FALSE	FALSE	FALSE	FALSE	disease_event_coordinate_mismatch;treatment_exact_match	disease_event_coordinate_mismatch;treatment_exact_match			-0.163	0.12	0.00424578675614779	0.000110213966289961
ES|C14orf1|chr14|-|75654881|75655130|75651770|75651889|75657369|75657533	ES	C14orf1	chr14	-	1	1	8	5	8	5	6	6	6	6	exact_match	exact_match			98885	98825	-0.467	0.3	1	1	1	1	0.5	0.0335	0.7	1	0.067	0	0.4	1	1		0.6		-0.4		9	1	2	5	1	FALSE	FALSE	FALSE	FALSE	FALSE	FALSE	FALSE	FALSE	exact_structure_without_finite_psi	exact_structure_without_finite_psi	1	1	-0.211	0.211	7.37346350786423e-05	0.0309629245293763
ES|ASUN|chr12|-|26934555|26934886|26928702|26928905|26936578|26936814	ES	ASUN	chr12	-	0	0	2	2	2	2	5	5	6	6	event_coordinate_mismatch	event_coordinate_mismatch	exonEnd:raw=26934630,frozen=26934886	exonEnd:raw=26934630,frozen=26934886																												FALSE	FALSE	FALSE	FALSE	FALSE	FALSE	FALSE	FALSE	disease_event_coordinate_mismatch;treatment_event_coordinate_mismatch	disease_event_coordinate_mismatch;treatment_event_coordinate_mismatch			-0.146	0.124	0.00222628909062346	0.0360259826631933
ES|IQCD|chr12|-|113207437|113208259|113197540|113197612|113220996|113221094	ES	IQCD	chr12	-	0	0	11	8	11	8	4	4	6	6	event_coordinate_mismatch	event_coordinate_mismatch	upstreamES:raw=113195440,frozen=113197540;upstreamEE:raw=113195889,frozen=113197612	upstreamES:raw=113195440,frozen=113197540;upstreamEE:raw=113195889,frozen=113197612																												FALSE	FALSE	FALSE	FALSE	FALSE	FALSE	FALSE	FALSE	disease_event_coordinate_mismatch;treatment_event_coordinate_mismatch	disease_event_coordinate_mismatch;treatment_event_coordinate_mismatch			0.156	-0.167	3.40932368351607e-05	0.0107679180493102
ES|ECD|chr10|-|73163732|73163971|73160433|73160551|73167865|73168095	ES	ECD	chr10	-	0	0	1	2	1	2	4	4	6	6	event_coordinate_mismatch	event_coordinate_mismatch	exonEnd:raw=73163950,frozen=73163971;downstreamEE:raw=73168008,frozen=73168095	exonEnd:raw=73163950,frozen=73163971;downstreamEE:raw=73168008,frozen=73168095																												FALSE	FALSE	FALSE	FALSE	FALSE	FALSE	FALSE	FALSE	disease_event_coordinate_mismatch;treatment_event_coordinate_mismatch	disease_event_coordinate_mismatch;treatment_event_coordinate_mismatch			-0.122	0.113	0.0425802012811086	0.00284143588714332
ES|LINC00665|chr19|-|36316177|36316257|36315956|36316070|36321299|36321357	ES	LINC00665	chr19	-	0	0	9	8	9	8	5	5	6	6	event_coordinate_mismatch	event_coordinate_mismatch	upstreamES:raw=36316038,frozen=36315956	upstreamES:raw=36316038,frozen=36315956																												FALSE	FALSE	FALSE	FALSE	FALSE	FALSE	FALSE	FALSE	disease_event_coordinate_mismatch;treatment_event_coordinate_mismatch	disease_event_coordinate_mismatch;treatment_event_coordinate_mismatch			0.138	-0.212	0.0236355074858647	0.00168978752070326
ES|SREK1IP1|chr5|-|64764974|64765121|64741056|64741200|64768504|64768669	ES	SREK1IP1	chr5	-	0	0	11	9	11	9	4	4	6	6	event_coordinate_mismatch	event_coordinate_mismatch	upstreamES:raw=64741135,frozen=64741056;downstreamEE:raw=64768627,frozen=64768669	exonStart_0base:raw=64765044,frozen=64764974;downstreamEE:raw=64768627,frozen=64768669																												FALSE	FALSE	FALSE	FALSE	FALSE	FALSE	FALSE	FALSE	disease_event_coordinate_mismatch;treatment_event_coordinate_mismatch	disease_event_coordinate_mismatch;treatment_event_coordinate_mismatch			-0.155	0.135	0.00466458213897667	0.00344312485804132
ES|SREK1IP1|chr5|-|64765044|64765121|64741056|64741200|64768504|64768669	ES	SREK1IP1	chr5	-	0	0	11	9	11	9	3	5	6	6	event_coordinate_mismatch	event_coordinate_mismatch	exonStart_0base:raw=64754314,frozen=64765044;exonEnd:raw=64754362,frozen=64765121;downstreamEE:raw=64768619,frozen=64768669	downstreamEE:raw=64768627,frozen=64768669																												FALSE	FALSE	FALSE	FALSE	FALSE	FALSE	FALSE	FALSE	disease_event_coordinate_mismatch;treatment_event_coordinate_mismatch	disease_event_coordinate_mismatch;treatment_event_coordinate_mismatch			-0.116	0.138	0.0187495976939067	0.00674366568408886
ES|SAT2|chr17|-|7626761|7626793|7626237|7626614|7627142|7627226	ES	SAT2	chr17	-	0	0	19	11	19	11	2	5	6	6	event_coordinate_mismatch	event_coordinate_mismatch	exonStart_0base:raw=7626942,frozen=7626761;exonEnd:raw=7627044,frozen=7626793;upstreamES:raw=7626706,frozen=7626237;upstreamEE:raw=7626793,frozen=7626614	upstreamES:raw=7626533,frozen=7626237																												FALSE	FALSE	FALSE	FALSE	FALSE	FALSE	FALSE	FALSE	disease_event_coordinate_mismatch;treatment_event_coordinate_mismatch	disease_event_coordinate_mismatch;treatment_event_coordinate_mismatch			-0.502	0.323	0	0.0202303358226256
ES|KCNAB3|chr17|-|7923455|7923631|7921858|7923179|7923710|7923831	ES	KCNAB3	chr17	-	0	0	0	1	0	1	0	5	6	6	no_same_gene_event_class_candidate	event_coordinate_mismatch		exonEnd:raw=7923544,frozen=7923631																												FALSE	FALSE	FALSE	FALSE	FALSE	FALSE	FALSE	FALSE	disease_no_same_gene_event_class_candidate;treatment_event_coordinate_mismatch	disease_no_same_gene_event_class_candidate;treatment_event_coordinate_mismatch			0.177	-0.158	2.44265145443466e-05	0.00174792663393828
ES|ITGA2B|chr17|-|44378644|44378710|44378361|44378509|44379688|44379814	ES	ITGA2B	chr17	-	0	0	1	2	1	2	5	0	6	6	event_coordinate_mismatch	event_coordinate_mismatch	exonStart_0base:raw=44378642,frozen=44378644	exonStart_0base:raw=44376307,frozen=44378644;exonEnd:raw=44376388,frozen=44378710;upstreamES:raw=44376084,frozen=44378361;upstreamEE:raw=44376184,frozen=44378509;downstreamES:raw=44377008,frozen=44379688;downstreamEE:raw=44377088,frozen=44379814																												FALSE	FALSE	FALSE	FALSE	FALSE	FALSE	FALSE	FALSE	disease_event_coordinate_mismatch;treatment_event_coordinate_mismatch	disease_event_coordinate_mismatch;treatment_event_coordinate_mismatch			0.28	-0.284	0.0398458943417869	0.0266333871073873
ES|PDE9A|chr21|+|42698912|42699011|42653751|42653883|42733355|42733426	ES	PDE9A	chr21	+	0	0	29	18	29	18	4	3	6	6	event_coordinate_mismatch	event_coordinate_mismatch	exonStart_0base:raw=42698967,frozen=42698912;upstreamES:raw=42653778,frozen=42653751	exonStart_0base:raw=42698967,frozen=42698912;upstreamES:raw=42687916,frozen=42653751;upstreamEE:raw=42687994,frozen=42653883																												FALSE	FALSE	FALSE	FALSE	FALSE	FALSE	FALSE	FALSE	disease_event_coordinate_mismatch;treatment_event_coordinate_mismatch	disease_event_coordinate_mismatch;treatment_event_coordinate_mismatch			-0.247	0.277	9.9896095124246e-09	0.000418812052514648
ES|FAHD2A|chr2|+|95405552|95405803|95402699|95402992|95412433|95412504	ES	FAHD2A	chr2	+	0	0	12	20	12	20	3	3	6	6	event_coordinate_mismatch	event_coordinate_mismatch	upstreamES:raw=95402707,frozen=95402699;upstreamEE:raw=95402872,frozen=95402992;downstreamEE:raw=95412542,frozen=95412504	upstreamES:raw=95402707,frozen=95402699;upstreamEE:raw=95402872,frozen=95402992;downstreamEE:raw=95412542,frozen=95412504																												FALSE	FALSE	FALSE	FALSE	FALSE	FALSE	FALSE	FALSE	disease_event_coordinate_mismatch;treatment_event_coordinate_mismatch	disease_event_coordinate_mismatch;treatment_event_coordinate_mismatch			0.308	-0.107	0.0210782275672298	0.0345813621766948
ES|CHD6|chr20|-|41414845|41414981|41413323|41413515|41415185|41415638	ES	CHD6	chr20	-	1	0	4	3	4	3	6	5	6	6	exact_match	event_coordinate_mismatch		exonStart_0base:raw=41414606,frozen=41414845																												FALSE	FALSE	FALSE	FALSE	FALSE	FALSE	FALSE	FALSE	disease_exact_match;treatment_event_coordinate_mismatch	disease_exact_match;treatment_event_coordinate_mismatch			0.11	-0.101	0.000521943525322058	0.0218116354474553
ES|ABCF3|chr3|+|184187396|184187571|184186795|184186875|184187663|184187761	ES	ABCF3	chr3	+	0	0	16	9	16	9	5	5	6	6	event_coordinate_mismatch	event_coordinate_mismatch	exonEnd:raw=184187443,frozen=184187571	exonEnd:raw=184187443,frozen=184187571																												FALSE	FALSE	FALSE	FALSE	FALSE	FALSE	FALSE	FALSE	disease_event_coordinate_mismatch;treatment_event_coordinate_mismatch	disease_event_coordinate_mismatch;treatment_event_coordinate_mismatch			-0.131	0.106	3.11866337341145e-08	0.00242962188966366
A5SS|UBE2J2|chr1|-|1267732|1267992|1267861|1267992|1257207|1257310	A5SS	UBE2J2	chr1	-	0	0	4	5	4	5	4	4	6	6	event_coordinate_mismatch	event_coordinate_mismatch	flankingES:raw=1263345,frozen=1257207;flankingEE:raw=1263386,frozen=1257310	flankingES:raw=1263345,frozen=1257207;flankingEE:raw=1263386,frozen=1257310																												FALSE	FALSE	FALSE	FALSE	FALSE	FALSE	FALSE	FALSE	disease_event_coordinate_mismatch;treatment_event_coordinate_mismatch	disease_event_coordinate_mismatch;treatment_event_coordinate_mismatch			0.118	-0.126	0.00354939271354411	0.000307675499435194
A5SS|HERPUD1|chr16|+|56935234|56935497|56935234|56935312|56936686|56936817	A5SS	HERPUD1	chr16	+	0	0	0	3	0	3	0	3	6	6	no_same_gene_event_class_candidate	event_coordinate_mismatch		longExonEnd:raw=56935587,frozen=56935497;shortEE:raw=56935497,frozen=56935312;flankingEE:raw=56937413,frozen=56936817																												FALSE	FALSE	FALSE	FALSE	FALSE	FALSE	FALSE	FALSE	disease_no_same_gene_event_class_candidate;treatment_event_coordinate_mismatch	disease_no_same_gene_event_class_candidate;treatment_event_coordinate_mismatch			0.449	-0.177	1.85488931906565e-10	0.0376389433121824
A5SS|AEBP1|chr7|+|44107438|44107839|44107438|44107510|44108006|44108084	A5SS	AEBP1	chr7	+	0	0	2	0	2	0	2	0	6	6	event_coordinate_mismatch	no_same_gene_event_class_candidate	longExonStart_0base:raw=44107614,frozen=44107438;longExonEnd:raw=44107931,frozen=44107839;shortES:raw=44107614,frozen=44107438;shortEE:raw=44107700,frozen=44107510																													FALSE	FALSE	FALSE	FALSE	FALSE	FALSE	FALSE	FALSE	disease_event_coordinate_mismatch;treatment_no_same_gene_event_class_candidate	disease_event_coordinate_mismatch;treatment_no_same_gene_event_class_candidate			0.155	-0.141	0.0250575361717324	0.0422599096691815
A5SS|EIF5|chr14|+|103336676|103337143|103336676|103336849|103338326|103338472	A5SS	EIF5	chr14	+	0	0	5	0	5	0	0	0	6	6	event_coordinate_mismatch	no_same_gene_event_class_candidate	longExonStart_0base:raw=103339171,frozen=103336676;longExonEnd:raw=103339803,frozen=103337143;shortES:raw=103339171,frozen=103336676;shortEE:raw=103339333,frozen=103336849;flankingES:raw=103340426,frozen=103338326;flankingEE:raw=103340561,frozen=103338472																													FALSE	FALSE	FALSE	FALSE	FALSE	FALSE	FALSE	FALSE	disease_event_coordinate_mismatch;treatment_no_same_gene_event_class_candidate	disease_event_coordinate_mismatch;treatment_no_same_gene_event_class_candidate			-0.114	0.3	6.09315207111632e-05	5.38296551415517e-07
A5SS|DNAJB1|chr19|-|14517478|14517862|14517590|14517862|14516465|14517046	A5SS	DNAJB1	chr19	-	0	0	1	1	1	1	2	2	6	6	event_coordinate_mismatch	event_coordinate_mismatch	longExonStart_0base:raw=14527686,frozen=14517478;longExonEnd:raw=14527810,frozen=14517862;shortES:raw=14527725,frozen=14517590;shortEE:raw=14527810,frozen=14517862	longExonStart_0base:raw=14527686,frozen=14517478;longExonEnd:raw=14527810,frozen=14517862;shortES:raw=14527725,frozen=14517590;shortEE:raw=14527810,frozen=14517862																												FALSE	FALSE	FALSE	FALSE	FALSE	FALSE	FALSE	FALSE	disease_event_coordinate_mismatch;treatment_event_coordinate_mismatch	disease_event_coordinate_mismatch;treatment_event_coordinate_mismatch			0.179	-0.195	1.36749223950705e-05	0.00529084325235281
A5SS|POFUT2|chr21|-|45284025|45284518|45284426|45284518|45283382|45283527	A5SS	POFUT2	chr21	-	1	0	3	2	3	2	6	0	6	6	exact_match	event_coordinate_mismatch		longExonStart_0base:raw=45283351,frozen=45284025;longExonEnd:raw=45283527,frozen=45284518;shortES:raw=45283382,frozen=45284426;shortEE:raw=45283527,frozen=45284518;flankingES:raw=45282348,frozen=45283382;flankingEE:raw=45282459,frozen=45283527																												FALSE	FALSE	FALSE	FALSE	FALSE	FALSE	FALSE	FALSE	disease_exact_match;treatment_event_coordinate_mismatch	disease_exact_match;treatment_event_coordinate_mismatch			0.23	-0.24	1.70202760101605e-05	0.00586220740064771
A3SS|WDR45|chrX|-|49076644|49076753|49076644|49076750|49077574|49077584	A3SS	WDR45	chrX	-	0	0	9	9	9	9	4	4	6	6	event_coordinate_mismatch	event_coordinate_mismatch	flankingES:raw=49077642,frozen=49077574;flankingEE:raw=49077747,frozen=49077584	flankingES:raw=49077642,frozen=49077574;flankingEE:raw=49077747,frozen=49077584																												FALSE	FALSE	FALSE	FALSE	FALSE	FALSE	FALSE	FALSE	disease_event_coordinate_mismatch;treatment_event_coordinate_mismatch	disease_event_coordinate_mismatch;treatment_event_coordinate_mismatch			-0.255	0.333	0.00826152406109792	0.0248668071813784
A3SS|ARPC4-TTLL3|chr3|+|9818580|9818920|9818821|9818920|9813247|9813345	A3SS	ARPC4-TTLL3	chr3	+	0	0	2	2	2	2	5	5	6	6	event_coordinate_mismatch	event_coordinate_mismatch	longExonStart_0base:raw=9818554,frozen=9818580	longExonStart_0base:raw=9818774,frozen=9818580																												FALSE	FALSE	FALSE	FALSE	FALSE	FALSE	FALSE	FALSE	disease_event_coordinate_mismatch;treatment_event_coordinate_mismatch	disease_event_coordinate_mismatch;treatment_event_coordinate_mismatch			-0.129	0.118	0.0153488946218787	6.28167546179658e-05
A3SS|CEP131|chr17|-|81192297|81192589|81192297|81192392|81193925|81194127	A3SS	CEP131	chr17	-	0	0	6	6	6	6	0	4	6	6	event_coordinate_mismatch	event_coordinate_mismatch	longExonStart_0base:raw=81191192,frozen=81192297;longExonEnd:raw=81191350,frozen=81192589;shortES:raw=81191192,frozen=81192297;shortEE:raw=81191335,frozen=81192392;flankingES:raw=81192317,frozen=81193925;flankingEE:raw=81192392,frozen=81194127	longExonEnd:raw=81192593,frozen=81192589;flankingEE:raw=81194028,frozen=81194127																												FALSE	FALSE	FALSE	FALSE	FALSE	FALSE	FALSE	FALSE	disease_event_coordinate_mismatch;treatment_event_coordinate_mismatch	disease_event_coordinate_mismatch;treatment_event_coordinate_mismatch			-0.264	0.151	5.79696586356897e-05	0.00528802073720883
A3SS|TNPO2|chr19|-|12705681|12706109|12705681|12705830|12706195|12706367	A3SS	TNPO2	chr19	-	0	0	3	6	3	6	4	4	6	6	event_coordinate_mismatch	event_coordinate_mismatch	longExonEnd:raw=12705830,frozen=12706109;shortEE:raw=12705768,frozen=12705830	longExonEnd:raw=12705830,frozen=12706109;shortEE:raw=12705768,frozen=12705830																												FALSE	FALSE	FALSE	FALSE	FALSE	FALSE	FALSE	FALSE	disease_event_coordinate_mismatch;treatment_event_coordinate_mismatch	disease_event_coordinate_mismatch;treatment_event_coordinate_mismatch			-0.414	0.281	2.46843973271733e-07	0.00299087704000065
A3SS|DNMT3A|chr2|-|25240639|25240761|25240639|25240730|25243897|25243982	A3SS	DNMT3A	chr2	-	0	0	4	4	4	4	2	4	6	6	event_coordinate_mismatch	event_coordinate_mismatch	longExonStart_0base:raw=25241561,frozen=25240639;longExonEnd:raw=25241777,frozen=25240761;shortES:raw=25241561,frozen=25240639;shortEE:raw=25241707,frozen=25240730	flankingES:raw=25241561,frozen=25243897;flankingEE:raw=25242015,frozen=25243982																												FALSE	FALSE	FALSE	FALSE	FALSE	FALSE	FALSE	FALSE	disease_event_coordinate_mismatch;treatment_event_coordinate_mismatch	disease_event_coordinate_mismatch;treatment_event_coordinate_mismatch			0.145	-0.112	0.0463571565561856	0.00023818161698008
MXE|SEPTIN11|chr4|+|76987808|76987870|76995780|76995938|76949713|76949930|76996424|76996539	MXE	SEPTIN11	chr4	+	0	0	0	1	0	1	0	1	8	8	no_same_gene_event_class_candidate	event_coordinate_mismatch		1stExonStart_0base:raw=76996424,frozen=76987808;1stExonEnd:raw=76996539,frozen=76987870;2ndExonStart_0base:raw=77005600,frozen=76995780;2ndExonEnd:raw=77005796,frozen=76995938;upstreamES:raw=76949750,frozen=76949713;downstreamES:raw=77011734,frozen=76996424;downstreamEE:raw=77011921,frozen=76996539																												FALSE	FALSE	FALSE	FALSE	FALSE	FALSE	FALSE	FALSE	disease_no_same_gene_event_class_candidate;treatment_event_coordinate_mismatch	disease_no_same_gene_event_class_candidate;treatment_event_coordinate_mismatch			-0.362	0.2	1.13735272656273e-05	0.00595649668070326
MXE|ANAPC10|chr4|-|145097494|145097562|145097687|145097760|145095984|145096111|145098119|145098219	MXE	ANAPC10	chr4	-	0	0	2	0	2	0	0	0	8	8	event_coordinate_mismatch	no_same_gene_event_class_candidate	1stExonStart_0base:raw=145064571,frozen=145097494;1stExonEnd:raw=145064692,frozen=145097562;2ndExonStart_0base:raw=145081659,frozen=145097687;2ndExonEnd:raw=145081750,frozen=145097760;upstreamES:raw=145033044,frozen=145095984;upstreamEE:raw=145033371,frozen=145096111;downstreamES:raw=145095984,frozen=145098119;downstreamEE:raw=145096111,frozen=145098219																													FALSE	FALSE	FALSE	FALSE	FALSE	FALSE	FALSE	FALSE	disease_event_coordinate_mismatch;treatment_no_same_gene_event_class_candidate	disease_event_coordinate_mismatch;treatment_no_same_gene_event_class_candidate			0.3	-0.268	0.049051418587668	0.0328015257560306
MXE|DENND3|chr8|+|141144147|141144259|141150097|141150348|141138021|141138137|141150833|141150953	MXE	DENND3	chr8	+	0	0	1	3	1	3	0	5	8	8	event_coordinate_mismatch	event_coordinate_mismatch	1stExonStart_0base:raw=141155848,frozen=141144147;1stExonEnd:raw=141155970,frozen=141144259;2ndExonStart_0base:raw=141160631,frozen=141150097;2ndExonEnd:raw=141160787,frozen=141150348;upstreamES:raw=141151618,frozen=141138021;upstreamEE:raw=141151837,frozen=141138137;downstreamES:raw=141163332,frozen=141150833;downstreamEE:raw=141163429,frozen=141150953	1stExonStart_0base:raw=141141202,frozen=141144147;1stExonEnd:raw=141141324,frozen=141144259;downstreamEE:raw=141150908,frozen=141150953																												FALSE	FALSE	FALSE	FALSE	FALSE	FALSE	FALSE	FALSE	disease_event_coordinate_mismatch;treatment_event_coordinate_mismatch	disease_event_coordinate_mismatch;treatment_event_coordinate_mismatch			-0.288	0.172	0.00346857287486957	0.000252392227702644
MXE|CCDC60|chr12|+|119479093|119479201|119488758|119488962|119471993|119472164|119500077|119500168	MXE	CCDC60	chr12	+	0	1	1	3	1	3	0	8	8	8	event_coordinate_mismatch	exact_match	1stExonStart_0base:raw=119488758,frozen=119479093;1stExonEnd:raw=119488866,frozen=119479201;2ndExonStart_0base:raw=119500077,frozen=119488758;2ndExonEnd:raw=119500168,frozen=119488962;upstreamES:raw=119479093,frozen=119471993;upstreamEE:raw=119479201,frozen=119472164;downstreamES:raw=119505068,frozen=119500077;downstreamEE:raw=119505303,frozen=119500168																													FALSE	FALSE	FALSE	FALSE	FALSE	FALSE	FALSE	FALSE	disease_event_coordinate_mismatch;treatment_exact_match	disease_event_coordinate_mismatch;treatment_exact_match			-0.112	0.129	0.0055334042979154	4.14431883212474e-05
MXE|MGEA5|chr10|-|101803734|101804019|101807823|101807901|101798841|101799455|101817823|101818465	MXE	MGEA5	chr10	-	0	0	19	2	19	2	2	0	8	8	event_coordinate_mismatch	event_coordinate_mismatch	1stExonStart_0base:raw=101800241,frozen=101803734;1stExonEnd:raw=101800400,frozen=101804019;2ndExonStart_0base:raw=101803734,frozen=101807823;2ndExonEnd:raw=101804019,frozen=101807901;downstreamES:raw=101806044,frozen=101817823;downstreamEE:raw=101806143,frozen=101818465	1stExonStart_0base:raw=101812147,frozen=101803734;1stExonEnd:raw=101812380,frozen=101804019;2ndExonStart_0base:raw=101812695,frozen=101807823;2ndExonEnd:raw=101812923,frozen=101807901;upstreamES:raw=101810183,frozen=101798841;upstreamEE:raw=101810314,frozen=101799455;downstreamES:raw=101813029,frozen=101817823;downstreamEE:raw=101813127,frozen=101818465																												FALSE	FALSE	FALSE	FALSE	FALSE	FALSE	FALSE	FALSE	disease_event_coordinate_mismatch;treatment_event_coordinate_mismatch	disease_event_coordinate_mismatch;treatment_event_coordinate_mismatch			0.361	-0.313	1.14135339349993e-08	0.021089304823559
MXE|FAT3|chr11|+|92559409|92559705|92696745|92696783|92524633|92524948|92697383|92697445	MXE	FAT3	chr11	+	0	0	6	4	6	4	4	4	8	8	event_coordinate_mismatch	event_coordinate_mismatch	1stExonStart_0base:raw=92525046,frozen=92559409;1stExonEnd:raw=92525083,frozen=92559705;2ndExonStart_0base:raw=92533052,frozen=92696745;2ndExonEnd:raw=92533171,frozen=92696783	1stExonStart_0base:raw=92537810,frozen=92559409;1stExonEnd:raw=92537922,frozen=92559705;2ndExonStart_0base:raw=92559409,frozen=92696745;2ndExonEnd:raw=92559705,frozen=92696783																												FALSE	FALSE	FALSE	FALSE	FALSE	FALSE	FALSE	FALSE	disease_event_coordinate_mismatch;treatment_event_coordinate_mismatch	disease_event_coordinate_mismatch;treatment_event_coordinate_mismatch			0.341	-0.384	0.00179107004586607	3.63507882564176e-05
MXE|EIF4G3|chr1|-|20982387|20982408|21002712|21002787|20981047|20981227|21050865|21050994	MXE	EIF4G3	chr1	-	1	1	17	22	17	22	8	8	8	8	exact_match	exact_match			9557	9520	0.314	0.039	0.0489068389788	0.282083058575759	0.812536588504	1	0.517666666666667	0.832	0.5355	0.5745	1	0.664	0.639	0.432	0.533	0.616	-0.106	0.184	0.106	-0.0126666666666668	14.5	27	24	23	14.5	TRUE	TRUE	TRUE	FALSE	TRUE	FALSE	FALSE	FALSE	recovered	treatment_reversal_not_reproduced	0.1141159576172	1	0.172	-0.107	0.0159278171630955	0.00145577899592665
MXE|SEPTIN10|chr2|-|109567697|109567976|109574580|109574633|109565762|109565859|109585125|109585321	MXE	SEPTIN10	chr2	-	0	0	6	3	6	3	7	7	8	8	event_coordinate_mismatch	event_coordinate_mismatch	1stExonStart_0base:raw=109567814,frozen=109567697	1stExonStart_0base:raw=109567814,frozen=109567697																												FALSE	FALSE	FALSE	FALSE	FALSE	FALSE	FALSE	FALSE	disease_event_coordinate_mismatch;treatment_event_coordinate_mismatch	disease_event_coordinate_mismatch;treatment_event_coordinate_mismatch			-0.275	0.239	3.2744494716779e-06	0.0024340295499209
MXE|SEPTIN10|chr2|-|109567832|109567976|109574580|109574633|109565762|109565859|109585125|109585321	MXE	SEPTIN10	chr2	-	0	0	6	3	6	3	7	7	8	8	event_coordinate_mismatch	event_coordinate_mismatch	1stExonStart_0base:raw=109567814,frozen=109567832	1stExonStart_0base:raw=109567814,frozen=109567832																												FALSE	FALSE	FALSE	FALSE	FALSE	FALSE	FALSE	FALSE	disease_event_coordinate_mismatch;treatment_event_coordinate_mismatch	disease_event_coordinate_mismatch;treatment_event_coordinate_mismatch			-0.267	0.215	4.30905992919015e-06	0.00422034640942026
MXE|TAOK1|chr17|+|29391918|29392033|29395852|29395991|29390924|29391024|29451454|29451680	MXE	TAOK1	chr17	+	0	0	21	5	21	5	4	4	8	8	event_coordinate_mismatch	event_coordinate_mismatch	2ndExonStart_0base:raw=29398252,frozen=29395852;2ndExonEnd:raw=29398348,frozen=29395991;upstreamES:raw=29390955,frozen=29390924;downstreamEE:raw=29451707,frozen=29451680	2ndExonStart_0base:raw=29398252,frozen=29395852;2ndExonEnd:raw=29398348,frozen=29395991;upstreamES:raw=29390955,frozen=29390924;downstreamEE:raw=29451707,frozen=29451680																												FALSE	FALSE	FALSE	FALSE	FALSE	FALSE	FALSE	FALSE	disease_event_coordinate_mismatch;treatment_event_coordinate_mismatch	disease_event_coordinate_mismatch;treatment_event_coordinate_mismatch			0.275	-0.122	3.21692422587147e-07	0.00416455375533111
MXE|SOBP|chr6|+|107529458|107529611|107530917|107531048|107506241|107506427|107533458|107533610	MXE	SOBP	chr6	+	1	0	7	2	7	2	8	0	8	8	exact_match	event_coordinate_mismatch		1stExonStart_0base:raw=107506241,frozen=107529458;1stExonEnd:raw=107506427,frozen=107529611;2ndExonStart_0base:raw=107633513,frozen=107530917;2ndExonEnd:raw=107635469,frozen=107531048;upstreamES:raw=107503656,frozen=107506241;upstreamEE:raw=107503795,frozen=107506427;downstreamES:raw=107658206,frozen=107533458;downstreamEE:raw=107661306,frozen=107533610																												FALSE	FALSE	FALSE	FALSE	FALSE	FALSE	FALSE	FALSE	disease_exact_match;treatment_event_coordinate_mismatch	disease_exact_match;treatment_event_coordinate_mismatch			0.132	-0.114	0.0179223405385666	0.0193016662156459
MXE|CCBL2|chr1|-|88962931|88963087|88964555|88964669|88962058|88962145|88964828|88964978	MXE	CCBL2	chr1	-	0	0	1	0	1	0	7	0	8	8	event_coordinate_mismatch	no_same_gene_event_class_candidate	2ndExonEnd:raw=88964712,frozen=88964669																													FALSE	FALSE	FALSE	FALSE	FALSE	FALSE	FALSE	FALSE	disease_event_coordinate_mismatch;treatment_no_same_gene_event_class_candidate	disease_event_coordinate_mismatch;treatment_no_same_gene_event_class_candidate			0.288	-0.101	5.50955056784541e-06	0.00708823291991027
MXE|MVD|chr16|-|88657734|88658029|88660519|88660838|88657435|88657582|88663010|88663149	MXE	MVD	chr16	-	0	0	2	0	2	0	1	0	8	8	event_coordinate_mismatch	no_same_gene_event_class_candidate	1stExonStart_0base:raw=88660519,frozen=88657734;1stExonEnd:raw=88660838,frozen=88658029;2ndExonStart_0base:raw=88662023,frozen=88660519;2ndExonEnd:raw=88662167,frozen=88660838;upstreamES:raw=88658649,frozen=88657435;upstreamEE:raw=88658720,frozen=88657582;downstreamEE:raw=88663161,frozen=88663149																													FALSE	FALSE	FALSE	FALSE	FALSE	FALSE	FALSE	FALSE	disease_event_coordinate_mismatch;treatment_no_same_gene_event_class_candidate	disease_event_coordinate_mismatch;treatment_no_same_gene_event_class_candidate			-0.126	0.135	0.000957076400690159	0.00320263480591262
MXE|BZRAP1|chr17|-|58324788|58325002|58326292|58326419|58323467|58323545|58326682|58326790	MXE	BZRAP1	chr17	-	0	0	0	2	0	2	0	0	8	8	no_same_gene_event_class_candidate	event_coordinate_mismatch		1stExonStart_0base:raw=58326292,frozen=58324788;1stExonEnd:raw=58326421,frozen=58325002;2ndExonStart_0base:raw=58326682,frozen=58326292;2ndExonEnd:raw=58326790,frozen=58326419;upstreamES:raw=58324810,frozen=58323467;upstreamEE:raw=58325002,frozen=58323545;downstreamES:raw=58327587,frozen=58326682;downstreamEE:raw=58328760,frozen=58326790																												FALSE	FALSE	FALSE	FALSE	FALSE	FALSE	FALSE	FALSE	disease_no_same_gene_event_class_candidate;treatment_event_coordinate_mismatch	disease_no_same_gene_event_class_candidate;treatment_event_coordinate_mismatch			-0.101	0.144	0.00523438226775352	0.0371070918420357
MXE|ALMS1|chr2|+|73399257|73399343|73408621|73408747|73385757|73386192|73419122|73419318	MXE	ALMS1	chr2	+	0	0	0	0	0	0	0	0	8	8	no_same_gene_event_class_candidate	no_same_gene_event_class_candidate																														FALSE	FALSE	FALSE	FALSE	FALSE	FALSE	FALSE	FALSE	disease_no_same_gene_event_class_candidate;treatment_no_same_gene_event_class_candidate	disease_no_same_gene_event_class_candidate;treatment_no_same_gene_event_class_candidate			-0.191	0.131	4.02893785973227e-05	0.0492566983582346
MXE|POFUT2|chr21|-|45284025|45284140|45285268|45285328|45283382|45283527|45285677|45285928	MXE	POFUT2	chr21	-	0	0	3	0	3	0	4	0	8	8	event_coordinate_mismatch	no_same_gene_event_class_candidate	1stExonStart_0base:raw=45283382,frozen=45284025;1stExonEnd:raw=45283527,frozen=45284140;upstreamES:raw=45282348,frozen=45283382;upstreamEE:raw=45282459,frozen=45283527																													FALSE	FALSE	FALSE	FALSE	FALSE	FALSE	FALSE	FALSE	disease_event_coordinate_mismatch;treatment_no_same_gene_event_class_candidate	disease_event_coordinate_mismatch;treatment_no_same_gene_event_class_candidate			-0.237	0.193	0.0164076783546608	0.0245365690470388
MXE|POFUT2|chr21|-|45284025|45284140|45285268|45285372|45283382|45283527|45285677|45285928	MXE	POFUT2	chr21	-	0	0	3	0	3	0	3	0	8	8	event_coordinate_mismatch	no_same_gene_event_class_candidate	1stExonStart_0base:raw=45283382,frozen=45284025;1stExonEnd:raw=45283527,frozen=45284140;2ndExonEnd:raw=45285328,frozen=45285372;upstreamES:raw=45282348,frozen=45283382;upstreamEE:raw=45282459,frozen=45283527																													FALSE	FALSE	FALSE	FALSE	FALSE	FALSE	FALSE	FALSE	disease_event_coordinate_mismatch;treatment_no_same_gene_event_class_candidate	disease_event_coordinate_mismatch;treatment_no_same_gene_event_class_candidate			-0.29	0.312	0.0151762734049668	0.00270854509727639
MXE|POFUT2|chr21|-|45284025|45284230|45285268|45285372|45283382|45283527|45285677|45285928	MXE	POFUT2	chr21	-	0	0	3	0	3	0	4	0	8	8	event_coordinate_mismatch	no_same_gene_event_class_candidate	2ndExonStart_0base:raw=45284426,frozen=45285268;2ndExonEnd:raw=45284518,frozen=45285372;downstreamES:raw=45285268,frozen=45285677;downstreamEE:raw=45285328,frozen=45285928																													FALSE	FALSE	FALSE	FALSE	FALSE	FALSE	FALSE	FALSE	disease_event_coordinate_mismatch;treatment_no_same_gene_event_class_candidate	disease_event_coordinate_mismatch;treatment_no_same_gene_event_class_candidate			-0.272	0.301	0.0187318858047542	0.00157391210665497
MXE|POFUT2|chr21|-|45284025|45284518|45285268|45285372|45283382|45283527|45285677|45285928	MXE	POFUT2	chr21	-	0	0	3	0	3	0	3	0	8	8	event_coordinate_mismatch	no_same_gene_event_class_candidate	1stExonStart_0base:raw=45283382,frozen=45284025;1stExonEnd:raw=45283527,frozen=45284518;2ndExonEnd:raw=45285328,frozen=45285372;upstreamES:raw=45282348,frozen=45283382;upstreamEE:raw=45282459,frozen=45283527																													FALSE	FALSE	FALSE	FALSE	FALSE	FALSE	FALSE	FALSE	disease_event_coordinate_mismatch;treatment_no_same_gene_event_class_candidate	disease_event_coordinate_mismatch;treatment_no_same_gene_event_class_candidate			-0.28	0.332	0.0289086989538056	0.00149254101027075
MXE|WDR6|chr3|+|49008908|49009024|49011420|49011459|49007203|49007531|49011634|49014116	MXE	WDR6	chr3	+	0	0	0	0	0	0	0	0	8	8	no_same_gene_event_class_candidate	no_same_gene_event_class_candidate																														FALSE	FALSE	FALSE	FALSE	FALSE	FALSE	FALSE	FALSE	disease_no_same_gene_event_class_candidate;treatment_no_same_gene_event_class_candidate	disease_no_same_gene_event_class_candidate;treatment_no_same_gene_event_class_candidate			-0.163	0.203	0.040912536683827	9.79860597746622e-06
MXE|TMEM175|chr4|+|951645|951717|952366|952539|951206|951258|953189|953354	MXE	TMEM175	chr4	+	0	0	2	2	2	2	7	7	8	8	event_coordinate_mismatch	event_coordinate_mismatch	2ndExonEnd:raw=952450,frozen=952539	2ndExonEnd:raw=952450,frozen=952539																												FALSE	FALSE	FALSE	FALSE	FALSE	FALSE	FALSE	FALSE	disease_event_coordinate_mismatch;treatment_event_coordinate_mismatch	disease_event_coordinate_mismatch;treatment_event_coordinate_mismatch			0.102	-0.108	0.00208878203518142	0.00643629265758038
MXE|ANAPC10|chr4|-|145097494|145097562|145097687|145098015|145095984|145096111|145098119|145098219	MXE	ANAPC10	chr4	-	0	0	2	0	2	0	0	0	8	8	event_coordinate_mismatch	no_same_gene_event_class_candidate	1stExonStart_0base:raw=145064571,frozen=145097494;1stExonEnd:raw=145064692,frozen=145097562;2ndExonStart_0base:raw=145081659,frozen=145097687;2ndExonEnd:raw=145081750,frozen=145098015;upstreamES:raw=145033044,frozen=145095984;upstreamEE:raw=145033371,frozen=145096111;downstreamES:raw=145095984,frozen=145098119;downstreamEE:raw=145096111,frozen=145098219																													FALSE	FALSE	FALSE	FALSE	FALSE	FALSE	FALSE	FALSE	disease_event_coordinate_mismatch;treatment_no_same_gene_event_class_candidate	disease_event_coordinate_mismatch;treatment_no_same_gene_event_class_candidate			0.304	-0.177	0.0397082169435945	0.0291452445173535
RI|ABCA1|chr9|-|104799571|104799988|104799571|104799733|104799818|104799988	RI	ABCA1	chr9	-	1	0	2	0	2	0	6	0	6	6	exact_match	no_same_gene_event_class_candidate																														FALSE	FALSE	FALSE	FALSE	FALSE	FALSE	FALSE	FALSE	disease_exact_match;treatment_no_same_gene_event_class_candidate	disease_exact_match;treatment_no_same_gene_event_class_candidate			-0.375	0.309	2.06693300046761e-05	0.00026183959298312
RI|ZC3H18|chr16|+|88623218|88623587|88623218|88623344|88623541|88623587	RI	ZC3H18	chr16	+	0	0	1	2	1	2	0	0	6	6	event_coordinate_mismatch	event_coordinate_mismatch	riExonStart_0base:raw=88622196,frozen=88623218;riExonEnd:raw=88623344,frozen=88623587;upstreamES:raw=88622196,frozen=88623218;upstreamEE:raw=88622388,frozen=88623344;downstreamES:raw=88623218,frozen=88623541;downstreamEE:raw=88623344,frozen=88623587	riExonStart_0base:raw=88622196,frozen=88623218;riExonEnd:raw=88623344,frozen=88623587;upstreamES:raw=88622196,frozen=88623218;upstreamEE:raw=88622388,frozen=88623344;downstreamES:raw=88623218,frozen=88623541;downstreamEE:raw=88623344,frozen=88623587																												FALSE	FALSE	FALSE	FALSE	FALSE	FALSE	FALSE	FALSE	disease_event_coordinate_mismatch;treatment_event_coordinate_mismatch	disease_event_coordinate_mismatch;treatment_event_coordinate_mismatch			-0.201	0.101	0.00169727763230068	0.000239876035436427
RI|ANO8|chr19|-|17327449|17327880|17327449|17327566|17327688|17327880	RI	ANO8	chr19	-	0	0	4	0	4	0	4	0	6	6	event_coordinate_mismatch	no_same_gene_event_class_candidate	riExonStart_0base:raw=17327452,frozen=17327449;upstreamES:raw=17327452,frozen=17327449																													FALSE	FALSE	FALSE	FALSE	FALSE	FALSE	FALSE	FALSE	disease_event_coordinate_mismatch;treatment_no_same_gene_event_class_candidate	disease_event_coordinate_mismatch;treatment_no_same_gene_event_class_candidate			-0.251	0.174	0.000126415653476078	6.94178536897383e-05
RI|COL5A2|chr2|-|189100106|189100418|189100106|189100139|189100333|189100418	RI	COL5A2	chr2	-	1	1	1	1	1	1	6	6	6	6	exact_match	exact_match			13264	13258	-0.01	-0.041	1	1	1	1	0.8665	0.857	1	0.9585	1	0.714	1	1	0.917	1	-0.083	0	0.083	0	13	13	13	14	13	TRUE	TRUE	FALSE	FALSE	FALSE	FALSE	FALSE	FALSE	recovered	disease_direction_not_reproduced	1	1	0.258	-0.162	0.00174773738121754	0.000359875866506524
RI|ASAP1|chr8|-|130115627|130116014|130115627|130115735|130115817|130116014	RI	ASAP1	chr8	-	1	1	1	1	1	1	6	6	6	6	exact_match	exact_match			13318	13284	-0.372	0.303	0.0253365336398	0.108735956870808	0.360551018998	0.74295361490497	1	0.628	0.6965	1	0.764	0.492	1	0.393	1	1	0	0.607	0	0.607	5.5	6	2.5	3	2.5	TRUE	FALSE	TRUE	TRUE	FALSE	TRUE	FALSE	FALSE	recovered	insufficient_junction_support	0.0886778677393	0.841285710995333	-0.192	0.101	1.37816596299202e-09	4.93648711145336e-05
RI|NAV1|chr1|+|201794171|201794577|201794171|201794376|201794465|201794577	RI	NAV1	chr1	+	0	0	1	1	1	1	0	0	6	6	event_coordinate_mismatch	event_coordinate_mismatch	riExonStart_0base:raw=201790553,frozen=201794171;riExonEnd:raw=201790850,frozen=201794577;upstreamES:raw=201790553,frozen=201794171;upstreamEE:raw=201790577,frozen=201794376;downstreamES:raw=201790688,frozen=201794465;downstreamEE:raw=201790850,frozen=201794577	riExonStart_0base:raw=201790553,frozen=201794171;riExonEnd:raw=201790850,frozen=201794577;upstreamES:raw=201790553,frozen=201794171;upstreamEE:raw=201790577,frozen=201794376;downstreamES:raw=201790688,frozen=201794465;downstreamEE:raw=201790850,frozen=201794577																												FALSE	FALSE	FALSE	FALSE	FALSE	FALSE	FALSE	FALSE	disease_event_coordinate_mismatch;treatment_event_coordinate_mismatch	disease_event_coordinate_mismatch;treatment_event_coordinate_mismatch			-0.207	0.101	1.95923402803403e-07	2.36189867996683e-05
RI|CCNT2|chr2|+|134945786|134946146|134945786|134945975|134946100|134946146	RI	CCNT2	chr2	+	0	0	0	0	0	0	0	0	6	6	no_same_gene_event_class_candidate	no_same_gene_event_class_candidate																														FALSE	FALSE	FALSE	FALSE	FALSE	FALSE	FALSE	FALSE	disease_no_same_gene_event_class_candidate;treatment_no_same_gene_event_class_candidate	disease_no_same_gene_event_class_candidate;treatment_no_same_gene_event_class_candidate			0.18	-0.196	0.0161500394770181	0.0399373569799211
RI|MTHFD1|chr14|+|64427336|64427761|64427336|64427473|64427651|64427761	RI	MTHFD1	chr14	+	0	0	0	0	0	0	0	0	6	6	no_same_gene_event_class_candidate	no_same_gene_event_class_candidate																														FALSE	FALSE	FALSE	FALSE	FALSE	FALSE	FALSE	FALSE	disease_no_same_gene_event_class_candidate;treatment_no_same_gene_event_class_candidate	disease_no_same_gene_event_class_candidate;treatment_no_same_gene_event_class_candidate			0.105	-0.138	0.00549158431165868	0.0363301660896597
RI|CLCN6|chr1|+|11833175|11833638|11833175|11833383|11833514|11833638	RI	CLCN6	chr1	+	1	0	1	0	1	0	6	0	6	6	exact_match	no_same_gene_event_class_candidate																														FALSE	FALSE	FALSE	FALSE	FALSE	FALSE	FALSE	FALSE	disease_exact_match;treatment_no_same_gene_event_class_candidate	disease_exact_match;treatment_no_same_gene_event_class_candidate			-0.191	0.102	4.21217169670725e-10	0.0168352717476933
RI|ENTHD2|chr17|-|81238635|81239091|81238635|81238873|81238985|81239091	RI	ENTHD2	chr17	-	0	0	1	1	1	1	0	0	6	6	event_coordinate_mismatch	event_coordinate_mismatch	riExonStart_0base:raw=81236979,frozen=81238635;riExonEnd:raw=81237459,frozen=81239091;upstreamES:raw=81236979,frozen=81238635;upstreamEE:raw=81237071,frozen=81238873;downstreamES:raw=81237386,frozen=81238985;downstreamEE:raw=81237459,frozen=81239091	riExonStart_0base:raw=81236979,frozen=81238635;riExonEnd:raw=81237459,frozen=81239091;upstreamES:raw=81236979,frozen=81238635;upstreamEE:raw=81237071,frozen=81238873;downstreamES:raw=81237386,frozen=81238985;downstreamEE:raw=81237459,frozen=81239091																												FALSE	FALSE	FALSE	FALSE	FALSE	FALSE	FALSE	FALSE	disease_event_coordinate_mismatch;treatment_event_coordinate_mismatch	disease_event_coordinate_mismatch;treatment_event_coordinate_mismatch			-0.193	0.116	4.30063674424939e-06	0.0346635487509826
RI|MRFAP1|chr4|+|6641231|6641610|6641231|6641258|6641445|6641610	RI	MRFAP1	chr4	+	0	0	0	0	0	0	0	0	6	6	no_same_gene_event_class_candidate	no_same_gene_event_class_candidate																														FALSE	FALSE	FALSE	FALSE	FALSE	FALSE	FALSE	FALSE	disease_no_same_gene_event_class_candidate;treatment_no_same_gene_event_class_candidate	disease_no_same_gene_event_class_candidate;treatment_no_same_gene_event_class_candidate			-0.237	0.184	2.82722563310586e-13	2.53609090235796e-08
RI|KIF3C|chr2|-|25956066|25956444|25956066|25956166|25956342|25956444	RI	KIF3C	chr2	-	0	0	1	0	1	0	4	0	6	6	event_coordinate_mismatch	no_same_gene_event_class_candidate	riExonStart_0base:raw=25956097,frozen=25956066;upstreamES:raw=25956097,frozen=25956066																													FALSE	FALSE	FALSE	FALSE	FALSE	FALSE	FALSE	FALSE	disease_event_coordinate_mismatch;treatment_no_same_gene_event_class_candidate	disease_event_coordinate_mismatch;treatment_no_same_gene_event_class_candidate			-0.205	0.13	0.0228204905031773	0.0269672687732169
RI|C5orf42|chr5|-|37121616|37122104|37121616|37121784|37121867|37122104	RI	C5orf42	chr5	-	1	0	3	1	3	1	6	3	6	6	exact_match	event_coordinate_mismatch		riExonEnd:raw=37122488,frozen=37122104;downstreamES:raw=37122429,frozen=37121867;downstreamEE:raw=37122488,frozen=37122104																												FALSE	FALSE	FALSE	FALSE	FALSE	FALSE	FALSE	FALSE	disease_exact_match;treatment_event_coordinate_mismatch	disease_exact_match;treatment_event_coordinate_mismatch			-0.141	0.192	0.00117686463637601	0.00149071509303235
RI|PYGB|chr20|+|25288027|25288483|25288027|25288225|25288424|25288483	RI	PYGB	chr20	+	1	0	1	0	1	0	6	0	6	6	exact_match	no_same_gene_event_class_candidate																														FALSE	FALSE	FALSE	FALSE	FALSE	FALSE	FALSE	FALSE	disease_exact_match;treatment_no_same_gene_event_class_candidate	disease_exact_match;treatment_no_same_gene_event_class_candidate			-0.266	0.181	0.00833105462222818	0.000163968803002015
RI|LARP1|chr5|+|154799590|154799928|154799590|154799759|154799899|154799928	RI	LARP1	chr5	+	0	0	2	1	2	1	2	0	6	6	event_coordinate_mismatch	event_coordinate_mismatch	riExonStart_0base:raw=154799740,frozen=154799590;riExonEnd:raw=154800042,frozen=154799928;upstreamES:raw=154799740,frozen=154799590;downstreamEE:raw=154800042,frozen=154799928	riExonStart_0base:raw=154795174,frozen=154799590;riExonEnd:raw=154795319,frozen=154799928;upstreamES:raw=154795174,frozen=154799590;upstreamEE:raw=154795186,frozen=154799759;downstreamES:raw=154795274,frozen=154799899;downstreamEE:raw=154795319,frozen=154799928																												FALSE	FALSE	FALSE	FALSE	FALSE	FALSE	FALSE	FALSE	disease_event_coordinate_mismatch;treatment_event_coordinate_mismatch	disease_event_coordinate_mismatch;treatment_event_coordinate_mismatch			-0.128	0.15	0.000511575626939087	0.037704424368216
