array_index	sample_id	run_accession	gsm	donor_line	genotype	treatment	replicate	analysis_group	read_pairs	base_count	read_length	fastq_bytes_total	fastq_r1_url	fastq_r2_url	fastq_r1_md5	fastq_r2_md5	ena_instrument	paper_instrument
1	BULK-SAM-108	SRR32559037	GSM8826803	C1	CTRL	NT	1	CTRL_NT	76505831	23104760962	151	10031402846	https://ftp.sra.ebi.ac.uk/vol1/fastq/SRR325/037/SRR32559037/SRR32559037_1.fastq.gz	https://ftp.sra.ebi.ac.uk/vol1/fastq/SRR325/037/SRR32559037/SRR32559037_2.fastq.gz	89b8de7bab4ba46ab19bf113c15a80f3	f4351f108203298390efbaa7917fb3ba	Illumina NovaSeq X Plus	Illumina NextSeq 2000
2	BULK-SAM-109	SRR32559040	GSM8826804	C1	CTRL	NT	2	CTRL_NT	81767187	24693690474	151	10435840871	https://ftp.sra.ebi.ac.uk/vol1/fastq/SRR325/040/SRR32559040/SRR32559040_1.fastq.gz	https://ftp.sra.ebi.ac.uk/vol1/fastq/SRR325/040/SRR32559040/SRR32559040_2.fastq.gz	a738def3eb157fb64d9810baab0e44bc	525b46637f4de440f40f96e726368c38	Illumina NovaSeq X Plus	Illumina NextSeq 2000
3	BULK-SAM-110	SRR32559036	GSM8826805	C1	CTRL	NT	3	CTRL_NT	85548847	25835751794	151	11018705194	https://ftp.sra.ebi.ac.uk/vol1/fastq/SRR325/036/SRR32559036/SRR32559036_1.fastq.gz	https://ftp.sra.ebi.ac.uk/vol1/fastq/SRR325/036/SRR32559036/SRR32559036_2.fastq.gz	00c58d1466f45991768b201e1a0e1741	b774dfc1fb9dcd34a11cb6a20cf37326	Illumina NovaSeq X Plus	Illumina NextSeq 2000
4	BULK-SAM-102	SRR32559044	GSM8826797	C2	CTRL	NT	1	CTRL_NT	68023686	20543153172	151	8741964817	https://ftp.sra.ebi.ac.uk/vol1/fastq/SRR325/044/SRR32559044/SRR32559044_1.fastq.gz	https://ftp.sra.ebi.ac.uk/vol1/fastq/SRR325/044/SRR32559044/SRR32559044_2.fastq.gz	c7174ff1e58c8876b8dd63104ca5b392	8b0bd3b64c3cec8efe80598cb1a4e7ad	Illumina NovaSeq X Plus	Illumina NextSeq 2000
5	BULK-SAM-103	SRR32559043	GSM8826798	C2	CTRL	NT	2	CTRL_NT	81458799	24600557298	151	10491966023	https://ftp.sra.ebi.ac.uk/vol1/fastq/SRR325/043/SRR32559043/SRR32559043_1.fastq.gz	https://ftp.sra.ebi.ac.uk/vol1/fastq/SRR325/043/SRR32559043/SRR32559043_2.fastq.gz	1ed21bc3f929fcc92e54895d556cb96a	348892e50ed7a55352e2969dc3c3ab41	Illumina NovaSeq X Plus	Illumina NextSeq 2000
6	BULK-SAM-104	SRR32559042	GSM8826799	C2	CTRL	NT	3	CTRL_NT	76605566	23134880932	151	9738508472	https://ftp.sra.ebi.ac.uk/vol1/fastq/SRR325/042/SRR32559042/SRR32559042_1.fastq.gz	https://ftp.sra.ebi.ac.uk/vol1/fastq/SRR325/042/SRR32559042/SRR32559042_2.fastq.gz	43e6a820120eb85c24488853f2d2829f	08b3f28c9372fbf7ef4c3557ca00b4f4	Illumina NovaSeq X Plus	Illumina NextSeq 2000
7	BULK-SAM-105	SRR32559041	GSM8826800	C3	CTRL	NT	1	CTRL_NT	81158252	24509792104	151	10571210313	https://ftp.sra.ebi.ac.uk/vol1/fastq/SRR325/041/SRR32559041/SRR32559041_1.fastq.gz	https://ftp.sra.ebi.ac.uk/vol1/fastq/SRR325/041/SRR32559041/SRR32559041_2.fastq.gz	20fe8dbcb3896628ee872d50d1077cbc	08e7ab6442584ae01d4bdf5d30a461a1	Illumina NovaSeq X Plus	Illumina NextSeq 2000
8	BULK-SAM-106	SRR32559039	GSM8826801	C3	CTRL	NT	2	CTRL_NT	66420665	20059040830	151	8738245458	https://ftp.sra.ebi.ac.uk/vol1/fastq/SRR325/039/SRR32559039/SRR32559039_1.fastq.gz	https://ftp.sra.ebi.ac.uk/vol1/fastq/SRR325/039/SRR32559039/SRR32559039_2.fastq.gz	26362bb4bc7adcbc21d6329a75c921cd	86bb0bed5901a4f43e4819c6c78b4a99	Illumina NovaSeq X Plus	Illumina NextSeq 2000
9	BULK-SAM-107	SRR32559038	GSM8826802	C3	CTRL	NT	3	CTRL_NT	79381846	23973317492	151	10293775418	https://ftp.sra.ebi.ac.uk/vol1/fastq/SRR325/038/SRR32559038/SRR32559038_1.fastq.gz	https://ftp.sra.ebi.ac.uk/vol1/fastq/SRR325/038/SRR32559038/SRR32559038_2.fastq.gz	a2cb5da22fdc3ac704cff4f4720127b7	8cc35932e23126f5711f010ea05b91c3	Illumina NovaSeq X Plus	Illumina NextSeq 2000
10	BULK-SAM-158	SRR32559023	GSM8826817	S2	SMA	NT	1	SMA_NT	83007042	25068126684	151	10522177869	https://ftp.sra.ebi.ac.uk/vol1/fastq/SRR325/023/SRR32559023/SRR32559023_1.fastq.gz	https://ftp.sra.ebi.ac.uk/vol1/fastq/SRR325/023/SRR32559023/SRR32559023_2.fastq.gz	1aaa24da03e8950e47b59fb551269cb9	4ba5a1ec9660541ada5c5ff428e96da2	Illumina NovaSeq X Plus	Illumina NextSeq 2000
11	BULK-SAM-159	SRR32559022	GSM8826818	S2	SMA	NT	2	SMA_NT	69419840	20964791680	151	8963799839	https://ftp.sra.ebi.ac.uk/vol1/fastq/SRR325/022/SRR32559022/SRR32559022_1.fastq.gz	https://ftp.sra.ebi.ac.uk/vol1/fastq/SRR325/022/SRR32559022/SRR32559022_2.fastq.gz	35bc8d7e7a8b91696b559b107440f0da	c4cc8e0992ec7637c73388b0d29c9b38	Illumina NovaSeq X Plus	Illumina NextSeq 2000
12	BULK-SAM-160	SRR32559021	GSM8826819	S2	SMA	NT	3	SMA_NT	70180674	21194563548	151	9073640864	https://ftp.sra.ebi.ac.uk/vol1/fastq/SRR325/021/SRR32559021/SRR32559021_1.fastq.gz	https://ftp.sra.ebi.ac.uk/vol1/fastq/SRR325/021/SRR32559021/SRR32559021_2.fastq.gz	3fc4292a610927a0e87934a8a315440e	dc57c4b56edf4dcd9d57e627c9f8da73	Illumina NovaSeq X Plus	Illumina NextSeq 2000
13	BULK-SAM-147	SRR32559035	GSM8826806	S3	SMA	NT	1	SMA_NT	64421922	19455420444	151	8417584784	https://ftp.sra.ebi.ac.uk/vol1/fastq/SRR325/035/SRR32559035/SRR32559035_1.fastq.gz	https://ftp.sra.ebi.ac.uk/vol1/fastq/SRR325/035/SRR32559035/SRR32559035_2.fastq.gz	69ef86a175ed77433af93760a90f1b07	2c94d25a6c4e1d82fd0dfa7bb778b6a1	Illumina NovaSeq X Plus	Illumina NextSeq 2000
14	BULK-SAM-148	SRR32559034	GSM8826807	S3	SMA	NT	2	SMA_NT	65414230	19755097460	151	8369155602	https://ftp.sra.ebi.ac.uk/vol1/fastq/SRR325/034/SRR32559034/SRR32559034_1.fastq.gz	https://ftp.sra.ebi.ac.uk/vol1/fastq/SRR325/034/SRR32559034/SRR32559034_2.fastq.gz	3438ba735e34196c0c1c72f093089cac	a1e45b5ac9ff19ab307e103067f5d8f0	Illumina NovaSeq X Plus	Illumina NextSeq 2000
15	BULK-SAM-149	SRR32559033	GSM8826808	S3	SMA	NT	3	SMA_NT	89696076	27088214952	151	11431528511	https://ftp.sra.ebi.ac.uk/vol1/fastq/SRR325/033/SRR32559033/SRR32559033_1.fastq.gz	https://ftp.sra.ebi.ac.uk/vol1/fastq/SRR325/033/SRR32559033/SRR32559033_2.fastq.gz	d9dab79e90b4899f8ab4a69da3f75995	3e9b3746517b1d73e61f9a214c3487e3	Illumina NovaSeq X Plus	Illumina NextSeq 2000
16	BULK-SAM-161	SRR32559024	GSM8826820	S2	SMA	Scramble	1	SMA_Scramble	70447444	21275128088	151	9037121061	https://ftp.sra.ebi.ac.uk/vol1/fastq/SRR325/024/SRR32559024/SRR32559024_1.fastq.gz	https://ftp.sra.ebi.ac.uk/vol1/fastq/SRR325/024/SRR32559024/SRR32559024_2.fastq.gz	842c33751791ccf63fddd9ad1ee22106	1396eaf17aec26c691d9d7b0d5a37d4a	Illumina NovaSeq X Plus	Illumina NextSeq 2000
17	BULK-SAM-162	SRR32559020	GSM8826821	S2	SMA	Scramble	2	SMA_Scramble	75560089	22819146878	151	9537672400	https://ftp.sra.ebi.ac.uk/vol1/fastq/SRR325/020/SRR32559020/SRR32559020_1.fastq.gz	https://ftp.sra.ebi.ac.uk/vol1/fastq/SRR325/020/SRR32559020/SRR32559020_2.fastq.gz	06e489f30a6f53524b1fb3fa28925328	b5ec40fb8daf0c860525203209987599	Illumina NovaSeq X Plus	Illumina NextSeq 2000
18	BULK-SAM-163	SRR32559019	GSM8826822	S2	SMA	Scramble	3	SMA_Scramble	79219752	23924365104	151	10139738742	https://ftp.sra.ebi.ac.uk/vol1/fastq/SRR325/019/SRR32559019/SRR32559019_1.fastq.gz	https://ftp.sra.ebi.ac.uk/vol1/fastq/SRR325/019/SRR32559019/SRR32559019_2.fastq.gz	5478d0fef0e73b35132ab4709f63a74b	8f9e892279432c01adbef1432a6cd7f1	Illumina NovaSeq X Plus	Illumina NextSeq 2000
19	BULK-SAM-164	SRR32559018	GSM8826823	S2	SMA	Scramble	4	SMA_Scramble	84616728	25554251856	151	10944509731	https://ftp.sra.ebi.ac.uk/vol1/fastq/SRR325/018/SRR32559018/SRR32559018_1.fastq.gz	https://ftp.sra.ebi.ac.uk/vol1/fastq/SRR325/018/SRR32559018/SRR32559018_2.fastq.gz	c3a91d9fdb7adaac2daec7a90058eaca	d356f0f07772b51f1db80a74a7990c48	Illumina NovaSeq X Plus	Illumina NextSeq 2000
20	BULK-SAM-150	SRR32559031	GSM8826809	S3	SMA	Scramble	1	SMA_Scramble	76461101	23091252502	151	9895442932	https://ftp.sra.ebi.ac.uk/vol1/fastq/SRR325/031/SRR32559031/SRR32559031_1.fastq.gz	https://ftp.sra.ebi.ac.uk/vol1/fastq/SRR325/031/SRR32559031/SRR32559031_2.fastq.gz	6454edaf33e0ebd27c81288b86ed306d	708ad54b5932c9af9a55a908e0c1ec5e	Illumina NovaSeq X Plus	Illumina NextSeq 2000
21	BULK-SAM-151	SRR32559030	GSM8826810	S3	SMA	Scramble	2	SMA_Scramble	86930938	26253143276	151	11536794493	https://ftp.sra.ebi.ac.uk/vol1/fastq/SRR325/030/SRR32559030/SRR32559030_1.fastq.gz	https://ftp.sra.ebi.ac.uk/vol1/fastq/SRR325/030/SRR32559030/SRR32559030_2.fastq.gz	34b1e1912b51460452354b0fe646741d	64110c79f843c6436cd7b1a1447e4fe3	Illumina NovaSeq X Plus	Illumina NextSeq 2000
22	BULK-SAM-152	SRR32559029	GSM8826811	S3	SMA	Scramble	3	SMA_Scramble	89893509	27147839718	151	11619402861	https://ftp.sra.ebi.ac.uk/vol1/fastq/SRR325/029/SRR32559029/SRR32559029_1.fastq.gz	https://ftp.sra.ebi.ac.uk/vol1/fastq/SRR325/029/SRR32559029/SRR32559029_2.fastq.gz	62edc7d24d8162a7df491beb221fded6	03c5af0f07c2ca467ac818b9b00dca0f	Illumina NovaSeq X Plus	Illumina NextSeq 2000
23	BULK-SAM-153	SRR32559032	GSM8826812	S3	SMA	Scramble	4	SMA_Scramble	66286159	20018420018	151	8683018053	https://ftp.sra.ebi.ac.uk/vol1/fastq/SRR325/032/SRR32559032/SRR32559032_1.fastq.gz	https://ftp.sra.ebi.ac.uk/vol1/fastq/SRR325/032/SRR32559032/SRR32559032_2.fastq.gz	21ea2919451875ba5d47180ad3603630	23eba8105b599e79329370e873eb9a68	Illumina NovaSeq X Plus	Illumina NextSeq 2000
24	BULK-SAM-165	SRR32559017	GSM8826824	S2	SMA	R6-Mo	1	SMA_R6-Mo	69142741	20881107782	151	8892767852	https://ftp.sra.ebi.ac.uk/vol1/fastq/SRR325/017/SRR32559017/SRR32559017_1.fastq.gz	https://ftp.sra.ebi.ac.uk/vol1/fastq/SRR325/017/SRR32559017/SRR32559017_2.fastq.gz	ad093494c0d392bfe7df307abd35aba2	249057072d25e7a0b994b5b4518db849	Illumina NovaSeq X Plus	Illumina NextSeq 2000
25	BULK-SAM-166	SRR32559016	GSM8826825	S2	SMA	R6-Mo	2	SMA_R6-Mo	71005635	21443701770	151	9069794603	https://ftp.sra.ebi.ac.uk/vol1/fastq/SRR325/016/SRR32559016/SRR32559016_1.fastq.gz	https://ftp.sra.ebi.ac.uk/vol1/fastq/SRR325/016/SRR32559016/SRR32559016_2.fastq.gz	8c95096e451ca80626d00b5b3aec5287	0e1138d4f3d8f43d7763e15957ea12f5	Illumina NovaSeq X Plus	Illumina NextSeq 2000
26	BULK-SAM-167	SRR32559015	GSM8826826	S2	SMA	R6-Mo	3	SMA_R6-Mo	62235211	18795033722	151	8051355900	https://ftp.sra.ebi.ac.uk/vol1/fastq/SRR325/015/SRR32559015/SRR32559015_1.fastq.gz	https://ftp.sra.ebi.ac.uk/vol1/fastq/SRR325/015/SRR32559015/SRR32559015_2.fastq.gz	8c73aefd293b88b601f8b818a4d58f30	62862e594e690a98338158a5faec7a8f	Illumina NovaSeq X Plus	Illumina NextSeq 2000
27	BULK-SAM-168	SRR32559014	GSM8826827	S2	SMA	R6-Mo	4	SMA_R6-Mo	75476133	22793792166	151	9617944014	https://ftp.sra.ebi.ac.uk/vol1/fastq/SRR325/014/SRR32559014/SRR32559014_1.fastq.gz	https://ftp.sra.ebi.ac.uk/vol1/fastq/SRR325/014/SRR32559014/SRR32559014_2.fastq.gz	0be5a71c428899a551b525a6b277fad1	b0ad2af8d77e8db2d3d6a28378af8efe	Illumina NovaSeq X Plus	Illumina NextSeq 2000
28	BULK-SAM-154	SRR32559028	GSM8826813	S3	SMA	R6-Mo	1	SMA_R6-Mo	122086981	36870268262	151	15743643887	https://ftp.sra.ebi.ac.uk/vol1/fastq/SRR325/028/SRR32559028/SRR32559028_1.fastq.gz	https://ftp.sra.ebi.ac.uk/vol1/fastq/SRR325/028/SRR32559028/SRR32559028_2.fastq.gz	47d04af698784b30f2a49af52f04e0c3	473f57f96f043d1ccb111a881cb32369	Illumina NovaSeq X Plus	Illumina NextSeq 2000
29	BULK-SAM-155	SRR32559027	GSM8826814	S3	SMA	R6-Mo	2	SMA_R6-Mo	63540470	19189221940	151	8014331066	https://ftp.sra.ebi.ac.uk/vol1/fastq/SRR325/027/SRR32559027/SRR32559027_1.fastq.gz	https://ftp.sra.ebi.ac.uk/vol1/fastq/SRR325/027/SRR32559027/SRR32559027_2.fastq.gz	53fc7b383d7a93d86fd61e1c9a9d7b0a	40da4cf69a9e670958cb9c74c636ea8d	Illumina NovaSeq X Plus	Illumina NextSeq 2000
30	BULK-SAM-156	SRR32559026	GSM8826815	S3	SMA	R6-Mo	3	SMA_R6-Mo	70693747	21349511594	151	9065079262	https://ftp.sra.ebi.ac.uk/vol1/fastq/SRR325/026/SRR32559026/SRR32559026_1.fastq.gz	https://ftp.sra.ebi.ac.uk/vol1/fastq/SRR325/026/SRR32559026/SRR32559026_2.fastq.gz	72c429bb434ac03cf55c0270db11eccf	001b21afb95baf28bb9abf21085a6a7a	Illumina NovaSeq X Plus	Illumina NextSeq 2000
31	BULK-SAM-157	SRR32559025	GSM8826816	S3	SMA	R6-Mo	4	SMA_R6-Mo	74963306	22638918412	151	9596865495	https://ftp.sra.ebi.ac.uk/vol1/fastq/SRR325/025/SRR32559025/SRR32559025_1.fastq.gz	https://ftp.sra.ebi.ac.uk/vol1/fastq/SRR325/025/SRR32559025/SRR32559025_2.fastq.gz	19c5d93a9c7bd5e4b59f3bac49008e12	a036c8753c5f8d16cd765da63ea6254a	Illumina NovaSeq X Plus	Illumina NextSeq 2000
