iteration	bootstrap_eligible_genes	selected_complete_pattern_genes	frozen_37_selected	natural_design_attempts
1	10589	52	28	2
2	10589	41	13	4
3	10589	43	30	1
4	10589	43	25	2
5	10589	39	12	3
6	10589	25	19	1
7	10589	34	25	2
8	10589	57	25	1
9	10589	39	29	2
10	10589	38	25	3
11	10589	47	31	1
12	10589	33	21	1
13	10589	39	26	1
14	10589	37	30	1
15	10589	35	15	1
16	10589	28	10	4
17	10589	29	11	1
18	10589	36	13	1
19	10589	32	20	1
20	10589	33	15	1
21	10589	41	25	1
22	10589	17	8	1
23	10589	39	26	3
24	10589	37	23	3
25	10589	43	26	2
26	10589	37	31	1
27	10589	19	6	1
28	10589	36	15	1
29	10589	35	22	1
30	10589	35	25	1
31	10589	38	23	2
32	10589	36	23	1
33	10589	29	8	1
34	10589	26	14	1
35	10589	37	14	2
36	10589	33	15	5
37	10589	26	10	2
38	10589	44	12	1
39	10589	45	27	1
40	10589	37	23	1
41	10589	39	20	1
42	10589	39	26	1
43	10589	44	32	6
44	10589	48	23	1
45	10589	36	21	1
46	10589	32	12	1
47	10589	27	10	1
48	10589	31	18	1
49	10589	40	26	1
50	10589	30	23	2
51	10589	29	11	1
52	10589	35	14	1
53	10589	36	23	1
54	10589	40	34	1
55	10589	42	22	2
56	10589	39	22	1
57	10589	42	29	1
58	10589	46	29	1
59	10589	32	13	1
60	10589	38	31	5
61	10589	34	25	1
62	10589	30	13	1
63	10589	56	20	1
64	10589	40	34	1
65	10589	43	25	1
66	10589	35	11	3
67	10589	34	28	3
68	10589	41	12	1
69	10589	36	29	1
70	10589	39	12	4
71	10589	45	29	1
72	10589	39	33	2
73	10589	57	21	2
74	10589	29	12	2
75	10589	36	24	1
76	10589	43	25	2
77	10589	40	25	1
78	10589	33	15	1
79	10589	45	25	2
80	10589	44	28	1
81	10589	37	30	1
82	10589	42	26	2
83	10589	35	27	1
84	10589	39	25	1
85	10589	26	14	3
86	10589	33	17	1
87	10589	34	22	1
88	10589	26	14	2
89	10589	35	14	1
90	10589	41	25	2
91	10589	48	23	1
92	10589	34	14	1
93	10589	33	28	1
94	10589	47	31	2
95	10589	42	22	1
96	10589	39	24	1
97	10589	36	29	1
98	10589	39	29	2
99	10589	35	14	1
100	10589	28	12	1
101	10589	34	28	3
102	10589	34	21	1
103	10589	44	23	1
104	10589	37	30	1
105	10589	36	23	1
106	10589	36	14	3
107	10589	49	26	1
108	10589	39	16	1
109	10589	31	23	1
110	10589	30	16	1
111	10589	37	28	1
112	10589	47	31	1
113	10589	29	11	1
114	10589	32	20	1
115	10589	38	25	3
116	10589	30	12	1
117	10589	34	25	1
118	10589	42	30	1
119	10589	37	30	2
120	10589	25	13	1
121	10589	34	25	1
122	10589	27	9	1
123	10589	51	17	1
124	10589	30	12	1
125	10589	42	24	2
126	10589	37	29	1
127	10589	37	29	1
128	10589	32	17	1
129	10589	30	12	2
130	10589	36	15	3
131	10589	57	25	3
132	10589	32	22	1
133	10589	47	31	2
134	10589	41	24	1
135	10589	40	34	2
136	10589	36	15	2
137	10589	43	30	1
138	10589	42	23	1
139	10589	42	31	1
140	10589	37	29	1
141	10589	44	32	1
142	10589	48	30	2
143	10589	46	28	1
144	10589	38	31	1
145	10589	36	24	2
146	10589	32	11	3
147	10589	33	17	1
148	10589	47	31	2
149	10589	43	30	1
150	10589	36	15	1
151	10589	44	24	3
152	10589	34	25	4
153	10589	45	24	1
154	10589	46	28	2
155	10589	36	23	1
156	10589	46	28	1
157	10589	43	31	2
158	10589	56	20	1
159	10589	41	13	1
160	10589	26	14	1
161	10589	35	14	1
162	10589	48	28	1
163	10589	31	11	2
164	10589	37	26	1
165	10589	34	20	1
166	10589	28	17	1
167	10589	29	23	1
168	10589	52	22	5
169	10589	26	11	1
170	10589	32	12	2
171	10589	46	30	1
172	10589	44	32	1
173	10589	30	14	2
174	10589	40	34	2
175	10589	42	29	1
176	10589	36	30	6
177	10589	42	30	2
178	10589	43	23	3
179	10589	37	22	2
180	10589	39	24	5
181	10589	39	26	1
182	10589	28	11	2
183	10589	38	18	1
184	10589	37	14	1
185	10589	40	20	1
186	10589	33	17	2
187	10589	34	25	4
188	10589	39	29	2
189	10589	45	24	1
190	10589	36	14	1
191	10589	30	13	1
192	10589	27	22	2
193	10589	33	13	3
194	10589	44	24	1
195	10589	33	24	1
196	10589	42	22	1
197	10589	41	25	2
198	10589	32	12	1
199	10589	45	28	1
200	10589	42	24	2
201	10589	39	16	1
202	10589	37	20	1
203	10589	45	24	1
204	10589	38	31	2
205	10589	45	30	1
206	10589	29	14	1
207	10589	46	28	1
208	10589	36	23	2
209	10589	26	12	2
210	10589	38	26	1
211	10589	33	24	2
212	10589	31	25	1
213	10589	37	30	2
214	10589	36	24	3
215	10589	36	23	1
216	10589	33	23	1
217	10589	33	22	1
218	10589	36	12	2
219	10589	40	34	1
220	10589	38	23	1
221	10589	39	12	1
222	10589	35	29	1
223	10589	57	21	3
224	10589	26	12	1
225	10589	42	29	1
226	10589	38	15	1
227	10589	57	21	1
228	10589	40	34	1
229	10589	20	8	1
230	10589	43	17	1
231	10589	40	34	1
232	10589	40	27	1
233	10589	48	23	2
234	10589	39	24	2
235	10589	43	26	1
236	10589	30	11	1
237	10589	60	27	1
238	10589	40	22	2
239	10589	30	13	2
240	10589	29	25	1
241	10589	53	22	2
242	10589	33	17	3
243	10589	43	31	1
244	10589	54	24	1
245	10589	46	17	2
246	10589	35	21	1
247	10589	57	25	2
248	10589	42	23	2
249	10589	45	29	1
250	10589	46	28	3
251	10589	22	11	1
252	10589	56	23	1
253	10589	34	21	1
254	10589	40	34	2
255	10589	41	12	1
256	10589	32	13	2
257	10589	38	26	1
258	10589	43	26	1
259	10589	48	30	1
260	10589	38	31	1
261	10589	30	19	2
262	10589	22	9	1
263	10589	38	31	2
264	10589	43	25	2
265	10589	34	25	1
266	10589	34	25	1
267	10589	29	11	1
268	10589	40	28	1
269	10589	36	29	1
270	10589	46	28	1
271	10589	60	27	1
272	10589	37	29	1
273	10589	27	11	1
274	10589	47	29	2
275	10589	49	27	1
276	10589	33	17	1
277	10589	45	30	1
278	10589	40	34	1
279	10589	35	29	1
280	10589	38	26	1
281	10589	45	28	1
282	10589	35	14	1
283	10589	41	13	1
284	10589	36	23	1
285	10589	36	24	5
286	10589	35	14	1
287	10589	34	25	1
288	10589	33	22	2
289	10589	46	30	3
290	10589	33	13	1
291	10589	35	14	1
292	10589	39	25	1
293	10589	41	26	2
294	10589	25	13	1
295	10589	33	21	1
296	10589	57	25	1
297	10589	52	28	1
298	10589	44	23	1
299	10589	54	21	1
300	10589	33	26	3
301	10589	33	24	1
302	10589	36	29	2
303	10589	33	10	1
304	10589	39	21	2
305	10589	45	24	1
306	10589	47	29	1
307	10589	37	30	1
308	10589	33	17	1
309	10589	48	23	1
310	10589	47	24	1
311	10589	38	26	1
312	10589	38	27	1
313	10589	37	30	1
314	10589	26	12	3
315	10589	36	13	1
316	10589	56	25	1
317	10589	60	27	2
318	10589	45	28	1
319	10589	41	29	2
320	10589	35	22	2
321	10589	29	11	1
322	10589	34	25	1
323	10589	39	24	1
324	10589	39	29	3
325	10589	33	15	1
326	10589	45	27	1
327	10589	46	28	2
328	10589	43	25	1
329	10589	44	27	1
330	10589	50	22	1
331	10589	32	13	1
332	10589	24	13	1
333	10589	33	13	1
334	10589	45	24	1
335	10589	48	30	1
336	10589	39	26	1
337	10589	49	26	3
338	10589	40	34	1
339	10589	40	16	1
340	10589	39	29	1
341	10589	37	30	1
342	10589	37	29	1
343	10589	43	25	1
344	10589	48	23	1
345	10589	39	12	1
346	10589	36	26	2
347	10589	47	30	2
348	10589	42	22	1
349	10589	31	13	1
350	10589	42	29	2
351	10589	35	25	3
352	10589	32	21	1
353	10589	30	22	1
354	10589	33	22	2
355	10589	37	27	1
356	10589	31	14	1
357	10589	36	24	2
358	10589	30	11	1
359	10589	32	13	1
360	10589	36	15	3
361	10589	36	23	1
362	10589	47	31	1
363	10589	32	16	2
364	10589	40	34	2
365	10589	39	34	2
366	10589	43	30	1
367	10589	31	16	1
368	10589	57	25	2
369	10589	36	23	1
370	10589	42	29	2
371	10589	48	23	2
372	10589	49	27	2
373	10589	19	15	1
374	10589	41	28	1
375	10589	49	27	2
376	10589	33	17	4
377	10589	57	25	1
378	10589	47	31	1
379	10589	45	27	1
380	10589	29	12	1
381	10589	33	17	1
382	10589	42	23	1
383	10589	40	25	3
384	10589	56	21	3
385	10589	40	34	1
386	10589	40	34	2
387	10589	47	30	1
388	10589	29	23	1
389	10589	42	25	1
390	10589	31	18	1
391	10589	30	13	3
392	10589	45	29	2
393	10589	37	23	1
394	10589	36	26	1
395	10589	26	12	2
396	10589	26	8	1
397	10589	33	8	2
398	10589	57	25	1
399	10589	36	24	2
400	10589	38	27	1
401	10589	51	27	1
402	10589	41	25	1
403	10589	38	15	1
404	10589	33	12	1
405	10589	39	29	1
406	10589	42	27	2
407	10589	39	24	1
408	10589	37	14	1
409	10589	12	8	2
410	10589	26	20	2
411	10589	56	25	1
412	10589	41	28	1
413	10589	31	15	1
414	10589	39	29	1
415	10589	42	22	2
416	10589	38	21	1
417	10589	37	23	1
418	10589	41	25	1
419	10589	39	23	2
420	10589	51	29	4
421	10589	35	25	1
422	10589	33	17	1
423	10589	36	26	1
424	10589	37	32	1
425	10589	33	12	1
426	10589	47	23	3
427	10589	29	11	1
428	10589	35	21	1
429	10589	29	12	1
430	10589	33	28	2
431	10589	38	31	1
432	10589	44	32	2
433	10589	50	21	1
434	10589	41	26	1
435	10589	47	29	1
436	10589	37	14	4
437	10589	43	28	1
438	10589	41	26	1
439	10589	38	27	1
440	10589	35	25	1
441	10589	44	29	1
442	10589	43	25	2
443	10589	46	30	1
444	10589	32	13	2
445	10589	45	25	4
446	10589	41	29	1
447	10589	41	12	1
448	10589	42	27	1
449	10589	37	13	1
450	10589	37	21	1
451	10589	46	30	4
452	10589	38	26	2
453	10589	38	31	1
454	10589	40	24	1
455	10589	28	10	2
456	10589	43	21	1
457	10589	39	33	1
458	10589	29	12	2
459	10589	57	21	2
460	10589	35	20	1
461	10589	36	31	2
462	10589	40	25	1
463	10589	37	29	1
464	10589	57	21	1
465	10589	39	33	3
466	10589	29	10	1
467	10589	51	27	1
468	10589	25	13	2
469	10589	24	13	1
470	10589	43	22	1
471	10589	37	23	2
472	10589	45	24	1
473	10589	32	16	2
474	10589	34	25	2
475	10589	40	34	1
476	10589	31	16	2
477	10589	38	31	1
478	10589	37	27	1
479	10589	38	31	1
480	10589	32	12	2
481	10589	48	30	3
482	10589	33	15	2
483	10589	41	26	1
484	10589	42	23	2
485	10589	33	17	1
486	10589	40	24	2
487	10589	46	28	1
488	10589	32	27	1
489	10589	45	24	1
490	10589	45	24	1
491	10589	26	11	1
492	10589	26	11	1
493	10589	45	24	1
494	10589	32	13	1
495	10589	40	34	1
496	10589	35	30	1
497	10589	31	15	1
498	10589	34	22	1
499	10589	47	31	3
500	10589	39	26	1
501	10589	34	13	1
502	10589	20	9	1
503	10589	37	13	1
504	10589	32	13	1
505	10589	30	12	3
506	10589	35	22	1
507	10589	41	25	1
508	10589	36	26	1
509	10589	51	29	2
510	10589	42	23	1
511	10589	43	12	1
512	10589	55	23	1
513	10589	39	25	1
514	10589	39	33	1
515	10589	41	25	1
516	10589	41	29	1
517	10589	38	31	3
518	10589	40	27	1
519	10589	39	16	2
520	10589	21	12	1
521	10589	47	30	1
522	10589	43	22	1
523	10589	51	29	1
524	10589	49	26	2
525	10589	36	23	2
526	10589	39	24	1
527	10589	38	31	1
528	10589	40	34	1
529	10589	60	27	1
530	10589	34	13	1
531	10589	38	13	1
532	10589	42	23	2
533	10589	45	24	1
534	10589	36	14	1
535	10589	43	26	4
536	10589	29	18	1
537	10589	37	31	1
538	10589	45	28	1
539	10589	32	12	2
540	10589	36	15	1
541	10589	45	24	1
542	10589	35	13	1
543	10589	32	12	1
544	10589	40	20	1
545	10589	27	9	1
546	10589	34	23	1
547	10589	41	28	1
548	10589	27	10	1
549	10589	32	13	2
550	10589	36	30	2
551	10589	40	34	1
552	10589	46	23	1
553	10589	41	25	1
554	10589	24	21	1
555	10589	39	16	2
556	10589	44	32	5
557	10589	44	32	2
558	10589	50	21	1
559	10589	38	27	1
560	10589	29	11	2
561	10589	34	25	1
562	10589	36	23	2
563	10589	44	24	1
564	10589	44	32	1
565	10589	38	31	1
566	10589	35	14	1
567	10589	37	11	2
568	10589	34	28	1
569	10589	37	22	2
570	10589	40	13	1
571	10589	25	9	1
572	10589	33	12	2
573	10589	34	22	1
574	10589	24	17	2
575	10589	34	22	3
576	10589	38	31	1
577	10589	37	26	1
578	10589	39	33	1
579	10589	46	25	1
580	10589	37	27	1
581	10589	47	22	1
582	10589	29	12	2
583	10589	38	33	1
584	10589	53	18	2
585	10589	37	14	1
586	10589	37	14	4
587	10589	29	11	2
588	10589	36	22	1
589	10589	36	15	1
590	10589	51	29	2
591	10589	24	18	1
592	10589	39	14	1
593	10589	30	12	2
594	10589	42	27	1
595	10589	33	15	1
596	10589	33	17	2
597	10589	34	28	1
598	10589	39	26	1
599	10589	46	30	1
600	10589	34	27	1
601	10589	26	14	1
602	10589	43	25	1
603	10589	39	24	1
604	10589	35	13	1
605	10589	41	20	4
606	10589	36	14	2
607	10589	37	29	1
608	10589	38	26	1
609	10589	35	14	2
610	10589	30	11	2
611	10589	36	23	1
612	10589	53	24	4
613	10589	47	30	2
614	10589	31	19	1
615	10589	33	21	1
616	10589	58	25	1
617	10589	36	14	1
618	10589	45	24	2
619	10589	51	22	3
620	10589	36	26	2
621	10589	36	25	1
622	10589	43	32	1
623	10589	34	28	2
624	10589	40	28	2
625	10589	36	15	1
626	10589	35	13	1
627	10589	45	25	2
628	10589	32	27	2
629	10589	40	34	2
630	10589	39	33	1
631	10589	32	12	1
632	10589	52	21	1
633	10589	29	11	1
634	10589	38	31	2
635	10589	47	31	1
636	10589	40	13	1
637	10589	39	22	1
638	10589	34	30	3
639	10589	39	14	2
640	10589	38	25	1
641	10589	30	12	1
642	10589	23	12	1
643	10589	46	29	1
644	10589	34	21	2
645	10589	44	32	1
646	10589	47	31	1
647	10589	40	34	1
648	10589	37	24	2
649	10589	32	16	3
650	10589	32	20	1
651	10589	41	25	1
652	10589	38	27	1
653	10589	48	23	1
654	10589	30	12	3
655	10589	34	25	2
656	10589	36	13	3
657	10589	38	26	1
658	10589	36	18	2
659	10589	34	25	1
660	10589	47	30	1
661	10589	34	25	2
662	10589	42	25	2
663	10589	38	31	1
664	10589	55	24	1
665	10589	57	25	2
666	10589	36	24	1
667	10589	45	24	1
668	10589	42	27	2
669	10589	39	33	2
670	10589	45	27	2
671	10589	37	13	1
672	10589	27	9	1
673	10589	45	27	1
674	10589	38	31	1
675	10589	40	34	1
676	10589	41	25	1
677	10589	46	28	1
678	10589	35	13	2
679	10589	41	25	3
680	10589	41	26	1
681	10589	38	26	1
682	10589	47	31	2
683	10589	37	30	2
684	10589	41	16	1
685	10589	38	27	2
686	10589	43	26	2
687	10589	37	24	1
688	10589	29	11	1
689	10589	44	32	2
690	10589	36	24	1
691	10589	43	31	3
692	10589	45	27	1
693	10589	32	23	1
694	10589	35	14	1
695	10589	39	33	3
696	10589	37	31	3
697	10589	47	31	1
698	10589	42	12	2
699	10589	38	25	1
700	10589	39	16	1
701	10589	45	24	5
702	10589	38	24	3
703	10589	36	26	1
704	10589	40	34	2
705	10589	32	24	1
706	10589	42	24	4
707	10589	36	26	2
708	10589	49	26	2
709	10589	29	11	1
710	10589	43	26	1
711	10589	41	29	1
712	10589	41	12	1
713	10589	60	27	1
714	10589	34	25	1
715	10589	32	13	3
716	10589	41	24	1
717	10589	35	13	2
718	10589	46	28	1
719	10589	41	25	2
720	10589	49	27	1
721	10589	39	24	1
722	10589	44	28	3
723	10589	35	29	1
724	10589	36	23	1
725	10589	41	26	1
726	10589	31	11	1
727	10589	40	24	2
728	10589	35	21	1
729	10589	32	17	1
730	10589	34	25	2
731	10589	41	25	1
732	10589	37	16	3
733	10589	33	17	1
734	10589	32	12	1
735	10589	40	34	1
736	10589	28	12	1
737	10589	43	31	2
738	10589	33	12	1
739	10589	37	29	1
740	10589	29	24	1
741	10589	40	25	1
742	10589	35	13	1
743	10589	44	23	1
744	10589	47	31	1
745	10589	56	24	1
746	10589	38	25	1
747	10589	34	25	1
748	10589	46	29	1
749	10589	47	31	2
750	10589	38	28	2
751	10589	57	21	1
752	10589	28	14	3
753	10589	48	30	2
754	10589	39	26	1
755	10589	38	31	1
756	10589	31	11	1
757	10589	27	11	2
758	10589	33	22	1
759	10589	36	15	4
760	10589	34	25	4
761	10589	36	26	1
762	10589	34	25	1
763	10589	37	31	1
764	10589	33	12	1
765	10589	26	14	3
766	10589	34	25	1
767	10589	43	26	1
768	10589	33	24	1
769	10589	31	26	2
770	10589	29	22	2
771	10589	47	31	2
772	10589	29	11	2
773	10589	27	10	2
774	10589	39	23	1
775	10589	29	11	4
776	10589	41	25	2
777	10589	38	26	1
778	10589	30	13	2
779	10589	26	14	1
780	10589	33	13	1
781	10589	43	31	1
782	10589	30	18	2
783	10589	26	12	1
784	10589	37	26	2
785	10589	39	16	2
786	10589	41	25	2
787	10589	37	31	1
788	10589	27	18	1
789	10589	34	25	3
790	10589	30	12	1
791	10589	51	29	1
792	10589	42	29	1
793	10589	44	12	1
794	10589	44	32	2
795	10589	38	31	2
796	10589	51	29	1
797	10589	31	24	1
798	10589	34	21	1
799	10589	32	23	1
800	10589	43	26	4
801	10589	39	24	1
802	10589	33	13	1
803	10589	47	31	1
804	10589	44	26	1
805	10589	47	22	1
806	10589	42	23	4
807	10589	31	20	1
808	10589	43	26	1
809	10589	36	24	1
810	10589	38	14	1
811	10589	32	13	1
812	10589	47	31	2
813	10589	38	27	2
814	10589	30	22	1
815	10589	54	22	1
816	10589	39	26	2
817	10589	43	32	3
818	10589	38	22	1
819	10589	38	32	2
820	10589	45	24	1
821	10589	35	14	2
822	10589	33	28	3
823	10589	42	24	3
824	10589	38	31	1
825	10589	32	15	2
826	10589	35	23	1
827	10589	26	14	2
828	10589	41	26	2
829	10589	42	27	3
830	10589	45	24	1
831	10589	45	23	2
832	10589	41	25	5
833	10589	36	23	4
834	10589	32	12	1
835	10589	33	27	2
836	10589	42	23	1
837	10589	40	24	3
838	10589	33	17	2
839	10589	34	25	1
840	10589	57	25	1
841	10589	42	20	1
842	10589	43	26	1
843	10589	38	22	1
844	10589	35	22	1
845	10589	38	11	1
846	10589	47	25	1
847	10589	40	34	1
848	10589	37	21	1
849	10589	44	32	1
850	10589	39	29	1
851	10589	31	19	1
852	10589	39	26	1
853	10589	27	8	1
854	10589	32	16	1
855	10589	38	16	1
856	10589	42	30	1
857	10589	44	32	1
858	10589	35	21	1
859	10589	58	24	3
860	10589	39	34	2
861	10589	46	28	1
862	10589	42	29	3
863	10589	48	28	2
864	10589	37	25	2
865	10589	36	24	2
866	10589	36	28	1
867	10589	41	25	1
868	10589	52	23	1
869	10589	46	28	3
870	10589	46	30	3
871	10589	45	27	1
872	10589	46	28	1
873	10589	26	14	2
874	10589	42	24	2
875	10589	37	26	1
876	10589	59	25	1
877	10589	48	23	2
878	10589	36	23	1
879	10589	36	14	1
880	10589	32	17	2
881	10589	40	34	1
882	10589	42	29	2
883	10589	27	9	1
884	10589	59	26	2
885	10589	48	28	4
886	10589	29	11	1
887	10589	59	25	2
888	10589	36	29	1
889	10589	41	25	1
890	10589	30	16	1
891	10589	36	29	2
892	10589	46	30	1
893	10589	33	13	1
894	10589	41	25	1
895	10589	42	23	3
896	10589	40	21	1
897	10589	57	21	2
898	10589	43	25	1
899	10589	46	28	1
900	10589	30	13	1
901	10589	29	11	1
902	10589	41	25	1
903	10589	32	16	1
904	10589	58	25	1
905	10589	39	25	2
906	10589	44	32	3
907	10589	30	12	1
908	10589	41	12	4
909	10589	56	21	1
910	10589	39	26	1
911	10589	33	12	2
912	10589	32	16	1
913	10589	36	23	1
914	10589	38	29	1
915	10589	42	24	1
916	10589	49	26	1
917	10589	42	29	2
918	10589	43	27	1
919	10589	57	25	1
920	10589	57	25	1
921	10589	33	12	1
922	10589	39	26	1
923	10589	39	26	1
924	10589	36	23	2
925	10589	36	23	8
926	10589	45	24	2
927	10589	30	23	4
928	10589	39	24	1
929	10589	26	14	1
930	10589	34	25	2
931	10589	42	23	3
932	10589	26	14	4
933	10589	30	12	5
934	10589	43	27	2
935	10589	33	13	1
936	10589	41	25	1
937	10589	45	26	1
938	10589	30	10	1
939	10589	32	13	1
940	10589	40	25	2
941	10589	39	29	2
942	10589	39	16	1
943	10589	36	15	1
944	10589	46	28	3
945	10589	45	24	2
946	10589	32	11	1
947	10589	25	11	1
948	10589	35	23	3
949	10589	33	24	2
950	10589	31	16	2
951	10589	34	13	1
952	10589	47	25	2
953	10589	41	25	1
954	10589	36	29	5
955	10589	46	24	1
956	10589	42	27	2
957	10589	36	25	1
958	10589	37	21	2
959	10589	38	28	1
960	10589	30	12	1
961	10589	45	28	1
962	10589	57	21	1
963	10589	41	25	1
964	10589	37	23	1
965	10589	30	12	2
966	10589	44	32	2
967	10589	42	29	1
968	10589	37	30	1
969	10589	37	14	1
970	10589	45	24	1
971	10589	38	27	3
972	10589	36	23	3
973	10589	33	17	2
974	10589	42	29	1
975	10589	41	29	1
976	10589	36	15	1
977	10589	39	29	1
978	10589	38	27	2
979	10589	56	24	3
980	10589	40	24	1
981	10589	39	29	1
982	10589	38	27	2
983	10589	46	31	1
984	10589	47	29	1
985	10589	41	12	2
986	10589	36	23	3
987	10589	37	25	2
988	10589	45	15	3
989	10589	34	25	2
990	10589	38	31	1
991	10589	35	28	1
992	10589	33	12	1
993	10589	45	19	2
994	10589	48	27	2
995	10589	41	28	1
996	10589	35	14	2
997	10589	39	26	2
998	10589	28	9	1
999	10589	41	24	1
1000	10589	47	23	1
