gene_symbol	score_variant	score	eligible_universe_rank
LY6H	equal_weights	0.963755959738654	2
HS3ST5	equal_weights	0.959826946847961	3
ZNF853	equal_weights	0.882637294720113	50
IL17D	equal_weights	0.857098710930602	89
LSAMP	equal_weights	0.862241744658309	81
FAAH	equal_weights	0.851558361292601	98
C12orf60	equal_weights	0.827233798340102	143
KCNJ4	equal_weights	0.822752957796221	150
CABLES2	equal_weights	0.792093413385132	225
PNCK	equal_weights	0.863323326858556	74
CLPTM1	equal_weights	0.841338513155571	114
PDPR	equal_weights	0.761257284125022	341
HEY1	equal_weights	0.930182765318736	14
NRN1	equal_weights	0.881577785625993	52
KCNIP2	equal_weights	0.878399258343634	54
ROBO2	equal_weights	0.858798340102419	87
UGT8	equal_weights	0.824651244923185	147
CTBP1-DT	equal_weights	0.771896521278475	307
RAB28	equal_weights	0.75960180116546	355
SHQ1	equal_weights	0.736888574960269	482
SPIN1	equal_weights	0.726536288186474	558
SLC38A9	equal_weights	0.722033374536465	600
ADCYAP1R1	equal_weights	0.92071340279004	20
HLA-DPB1	equal_weights	0.90557125198658	32
ZMAT4	equal_weights	0.901553946671376	36
LINC00665	equal_weights	0.862926010948261	75
FCSK	equal_weights	0.862683206780858	78
LRRC4	equal_weights	0.8369459650362	123
PFKFB2	equal_weights	0.829021719936429	137
ADHFE1	equal_weights	0.817080169521455	162
ZNF615	equal_weights	0.807897757372417	185
TTTY15	equal_weights	0.791409147095179	229
ATP9B	equal_weights	0.78637647889811	247
ZNF204P	equal_weights	0.775516510683384	288
EIF4ENIF1	equal_weights	0.696053328624404	860
ZNF827	equal_weights	0.69371357937489	883
RIOX1	equal_weights	0.688791276708459	922
LY6H	external_double_weight	0.970236623697687	1
HS3ST5	external_double_weight	0.949717464241568	7
ZNF853	external_double_weight	0.889431396786156	53
IL17D	external_double_weight	0.869018188239449	93
LSAMP	external_double_weight	0.870130672788275	92
FAAH	external_double_weight	0.851024192124316	128
C12orf60	external_double_weight	0.835678968744482	153
KCNJ4	external_double_weight	0.837462475719583	151
CABLES2	external_double_weight	0.808008122903055	235
PNCK	external_double_weight	0.879772205544764	68
CLPTM1	external_double_weight	0.838168815115663	149
PDPR	external_double_weight	0.717049267172877	787
HEY1	external_double_weight	0.938945788451351	12
NRN1	external_double_weight	0.883356877979869	64
KCNIP2	external_double_weight	0.889078227088116	56
ROBO2	external_double_weight	0.858634999117076	112
UGT8	external_double_weight	0.84177114603567	143
CTBP1-DT	external_double_weight	0.755297545470599	485
RAB28	external_double_weight	0.746892106657249	554
SHQ1	external_double_weight	0.702975454705987	924
SPIN1	external_double_weight	0.686941550414974	1139
SLC38A9	external_double_weight	0.721799399611513	746
ADCYAP1R1	external_double_weight	0.935714285714285	14
HLA-DPB1	external_double_weight	0.902692918947554	39
ZMAT4	external_double_weight	0.915671905350521	30
LINC00665	external_double_weight	0.877035140384955	74
FCSK	external_double_weight	0.831652834186827	164
LRRC4	external_double_weight	0.865504149743952	100
PFKFB2	external_double_weight	0.832323856613103	162
ADHFE1	external_double_weight	0.829622108423097	171
ZNF615	external_double_weight	0.807266466537171	240
TTTY15	external_double_weight	0.819079992936606	197
ATP9B	external_double_weight	0.802551651068338	260
ZNF204P	external_double_weight	0.780761080699276	341
EIF4ENIF1	external_double_weight	0.701845311672258	944
ZNF827	external_double_weight	0.674368709164754	1303
RIOX1	external_double_weight	0.673697686738478	1317
LY6H	natural_double_weight	0.969865795514745	2
HS3ST5	natural_double_weight	0.963491082465125	3
ZNF853	natural_double_weight	0.902957796221084	28
IL17D	natural_double_weight	0.883286244040261	46
LSAMP	natural_double_weight	0.867764435811408	76
FAAH	natural_double_weight	0.876664312202013	60
C12orf60	natural_double_weight	0.859676849726294	85
KCNJ4	natural_double_weight	0.854767790923539	94
CABLES2	natural_double_weight	0.829286597209959	138
PNCK	natural_double_weight	0.883250927070457	47
CLPTM1	natural_double_weight	0.848975807875684	98.5
PDPR	natural_double_weight	0.798666784389899	224
HEY1	natural_double_weight	0.940923538760374	9
NRN1	natural_double_weight	0.902233798340102	29
KCNIP2	natural_double_weight	0.899620342574607	32
ROBO2	natural_double_weight	0.873768320678086	66
UGT8	natural_double_weight	0.858069927600212	86
CTBP1-DT	natural_double_weight	0.815371711107187	169
RAB28	natural_double_weight	0.80512978986403	201
SHQ1	natural_double_weight	0.786659014656543	273
SPIN1	natural_double_weight	0.761124845488257	424
SLC38A9	natural_double_weight	0.769901112484549	359
ADCYAP1R1	natural_double_weight	0.910921772911884	20
HLA-DPB1	natural_double_weight	0.923547589616811	14
ZMAT4	natural_double_weight	0.916060392018365	18
LINC00665	natural_double_weight	0.882862440402614	49
FCSK	natural_double_weight	0.885935016775561	44
LRRC4	natural_double_weight	0.8650450291365	78
PFKFB2	natural_double_weight	0.851006533639414	97
ADHFE1	natural_double_weight	0.852860674554123	95
ZNF615	natural_double_weight	0.841965389369592	115
TTTY15	natural_double_weight	0.827838601447996	139
ATP9B	natural_double_weight	0.826584849019954	141
ZNF204P	natural_double_weight	0.819097651421508	159
EIF4ENIF1	natural_double_weight	0.742106657248808	571
ZNF827	natural_double_weight	0.737303549355465	607
RIOX1	natural_double_weight	0.750423803637648	504
LY6H	treatment_double_weight	0.957028076990994	4
HS3ST5	treatment_double_weight	0.961266113367473	2
ZNF853	treatment_double_weight	0.886464771322621	48
IL17D	treatment_double_weight	0.807301783506975	194
LSAMP	treatment_double_weight	0.861124845488257	80
FAAH	treatment_double_weight	0.83521984813703	125
C12orf60	treatment_double_weight	0.816042733533463	170
KCNJ4	treatment_double_weight	0.808378951085997	192
CABLES2	treatment_double_weight	0.758352463358644	403
PNCK	treatment_double_weight	0.800061804697157	216
CLPTM1	treatment_double_weight	0.846432986049797	113
PDPR	treatment_double_weight	0.746274059685679	481
HEY1	treatment_double_weight	0.924095002648773	19
NRN1	treatment_double_weight	0.894464064983225	44
KCNIP2	treatment_double_weight	0.855809641532757	90
ROBO2	treatment_double_weight	0.85610983577609	86
UGT8	treatment_double_weight	0.766863853081406	366
CTBP1-DT	treatment_double_weight	0.740729295426453	518
RAB28	treatment_double_weight	0.770077697333569	349
SHQ1	treatment_double_weight	0.752966625463536	435
SPIN1	treatment_double_weight	0.724819000529754	653.5
SLC38A9	treatment_double_weight	0.68123785979163	1115
ADCYAP1R1	treatment_double_weight	0.92690270174819	18
HLA-DPB1	treatment_double_weight	0.914047324739537	33
ZMAT4	treatment_double_weight	0.893369238919301	45
LINC00665	treatment_double_weight	0.827220554476426	143
FCSK	treatment_double_weight	0.853973159102949	96
LRRC4	treatment_double_weight	0.791250220731061	249
PFKFB2	treatment_double_weight	0.809985873212078	186
ADHFE1	treatment_double_weight	0.742194949673318	509
ZNF615	treatment_double_weight	0.740676319971746	519.5
TTTY15	treatment_double_weight	0.742071340279004	510
ATP9B	treatment_double_weight	0.723353346282889	667
ZNF204P	treatment_double_weight	0.733401024192124	581
EIF4ENIF1	treatment_double_weight	0.649170051209606	1584
ZNF827	treatment_double_weight	0.686976867384778	1043
RIOX1	treatment_double_weight	0.643925481193714	1675
LY6H	omit_natural	0.953572900111837	47
HS3ST5	omit_natural	0.953720054152687	46
ZNF853	omit_natural	0.848769792218495	225
IL17D	omit_natural	0.813452822414504	325
LSAMP	omit_natural	0.853037259403143	215
FAAH	omit_natural	0.809715109776914	339
C12orf60	omit_natural	0.773162046029784	474
KCNJ4	omit_natural	0.769394902584025	490
CABLES2	omit_natural	0.730104773677085	709
PNCK	omit_natural	0.830110659838719	277
CLPTM1	omit_natural	0.82860968862205	282
PDPR	omit_natural	0.698908117016894	957
HEY1	omit_natural	0.912281476249338	99
NRN1	omit_natural	0.847151097769145	229
KCNIP2	omit_natural	0.843030784625346	242
ROBO2	omit_natural	0.833848372476308	267
UGT8	omit_natural	0.768953440461475	493
CTBP1-DT	omit_natural	0.699437871563953	950
RAB28	omit_natural	0.683721820001177	1129
SHQ1	omit_natural	0.653937842133145	1612
SPIN1	omit_natural	0.668888692683501	1330.5
SLC38A9	omit_natural	0.642253811289658	1824
ADCYAP1R1	omit_natural	0.937032785920301	71
HLA-DPB1	omit_natural	0.875610689269527	160
ZMAT4	omit_natural	0.877376537759727	156
LINC00665	omit_natural	0.829698628524339	280
FCSK	omit_natural	0.823930190123021	296
LRRC4	omit_natural	0.7901141915357	416
PFKFB2	omit_natural	0.792380363764789	409
ADHFE1	omit_natural	0.757445994467008	556
ZNF615	omit_natural	0.75111837071046	594.5
TTTY15	omit_natural	0.730693389840485	704
ATP9B	omit_natural	0.719362528695038	791
ZNF204P	omit_natural	0.702881276119842	924
EIF4ENIF1	omit_natural	0.619297780917064	2288
ZNF827	omit_natural	0.621063629407263	2240
RIOX1	omit_natural	0.586070398493143	3075.5
LY6H	omit_organoid_disease	0.973526988051092	5
HS3ST5	omit_organoid_disease	0.951483312731768	15
ZNF853	omit_organoid_disease	0.934207428335982	36
IL17D	omit_organoid_disease	0.837615515922067	204
LSAMP	omit_organoid_disease	0.882732944846666	99
FAAH	omit_organoid_disease	0.86528047560186	133
C12orf60	omit_organoid_disease	0.876729059979987	111.5
KCNJ4	omit_organoid_disease	0.876670198363647	113
CABLES2	omit_organoid_disease	0.824371652245571	246
PNCK	omit_organoid_disease	0.818514921419742	259
CLPTM1	omit_organoid_disease	0.857275295779622	151
PDPR	omit_organoid_disease	0.724954382247337	835
HEY1	omit_organoid_disease	0.952542821825887	13
NRN1	omit_organoid_disease	0.94044675966802	28
KCNIP2	omit_organoid_disease	0.893916651951263	86
ROBO2	omit_organoid_disease	0.878995232209076	104
UGT8	omit_organoid_disease	0.812569898169404	279
CTBP1-DT	omit_organoid_disease	0.764744834893166	531
RAB28	omit_organoid_disease	0.831758785096239	214
SHQ1	omit_organoid_disease	0.7901141915357	365
SPIN1	omit_organoid_disease	0.715330507975749	924
SLC38A9	omit_organoid_disease	0.733430455000294	765
ADCYAP1R1	omit_organoid_disease	0.939710989463771	30
HLA-DPB1	omit_organoid_disease	0.944861380893519	23
ZMAT4	omit_organoid_disease	0.935620107128142	33
LINC00665	omit_organoid_disease	0.860159514980281	146
FCSK	omit_organoid_disease	0.835202189652128	209
LRRC4	omit_organoid_disease	0.855215139207723	157
PFKFB2	omit_organoid_disease	0.839440226028607	198
ADHFE1	omit_organoid_disease	0.772808876331744	481
ZNF615	omit_organoid_disease	0.75158926364118	625
TTTY15	omit_organoid_disease	0.816013302725293	270
ATP9B	omit_organoid_disease	0.775310495026193	467
ZNF204P	omit_organoid_disease	0.786700217787981	387
EIF4ENIF1	omit_organoid_disease	0.704323385720172	1035.5
ZNF827	omit_organoid_disease	0.722894225675437	855
RIOX1	omit_organoid_disease	0.691579845782565	1190
LY6H	omit_treatment	0.974969097651422	6
HS3ST5	omit_treatment	0.957428335982106	24
ZNF853	omit_treatment	0.876258167049267	191
IL17D	omit_treatment	0.940093589969981	46
LSAMP	omit_treatment	0.864103243275061	236
FAAH	omit_treatment	0.878789216551886	180
C12orf60	omit_treatment	0.845885573017835	303
KCNJ4	omit_treatment	0.846709635646595	300
CABLES2	omit_treatment	0.848328330095944	295
PNCK	omit_treatment	0.968759197127553	15
CLPTM1	omit_treatment	0.832847724998528	357
PDPR	omit_treatment	0.786229324857261	606
HEY1	omit_treatment	0.940329036435341	45
NRN1	omit_treatment	0.860100653363941	250
KCNIP2	omit_treatment	0.916048619695097	90
ROBO2	omit_treatment	0.8632791806463	238
UGT8	omit_treatment	0.920963564659485	78
CTBP1-DT	omit_treatment	0.823841897698511	400
RAB28	omit_treatment	0.742141974218612	937
SHQ1	omit_treatment	0.710091824121491	1270
SPIN1	omit_treatment	0.729398434281005	1065
SLC38A9	omit_treatment	0.79002589911119	579
ADCYAP1R1	omit_treatment	0.910397904526458	102
HLA-DPB1	omit_treatment	0.891444464064983	149
ZMAT4	omit_treatment	0.915195126258167	93
LINC00665	omit_treatment	0.922435105067985	77
FCSK	omit_treatment	0.877199952910707	189
LRRC4	omit_treatment	0.913105538878098	96
PFKFB2	omit_treatment	0.860748131143681	247
ADHFE1	omit_treatment	0.94188886926835	43
ZNF615	omit_treatment	0.919933486373536	82
TTTY15	omit_treatment	0.873638825122138	201
ATP9B	omit_treatment	0.891415033256813	150
ZNF204P	omit_treatment	0.845708988168815	304
EIF4ENIF1	omit_treatment	0.774192124315733	688
ZNF827	omit_treatment	0.704941432691742	1344
RIOX1	omit_treatment	0.763567602566367	758
LY6H	omit_external	0.952954853140267	11
HS3ST5	omit_external	0.976676084525281	4
ZNF853	omit_external	0.871313791276709	139
IL17D	omit_external	0.837232915415857	237
LSAMP	omit_external	0.849093531108364	205
FAAH	omit_external	0.852448643239743	197
C12orf60	omit_external	0.813158514332804	321
KCNJ4	omit_external	0.798237094590617	397
CABLES2	omit_external	0.765568897521926	602
PNCK	omit_external	0.835908529048208	246
CLPTM1	omit_external	0.846621343222085	215
PDPR	omit_external	0.834937312378598	251
HEY1	omit_external	0.915577726764377	50
NRN1	omit_external	0.878612631702867	117
KCNIP2	omit_external	0.860600977102831	166
ROBO2	omit_external	0.859070575077991	173
UGT8	omit_external	0.796118076402378	407
CTBP1-DT	omit_external	0.799561480958267	392
RAB28	omit_external	0.780784625345812	504
SHQ1	omit_external	0.793410442050739	423
SPIN1	omit_external	0.792527517805639	435
SLC38A9	omit_external	0.722423332744717	970
ADCYAP1R1	omit_external	0.895711931249632	81
HLA-DPB1	omit_external	0.910368473718288	57
ZMAT4	omit_external	0.878024015539467	122
LINC00665	omit_external	0.839410795220437	231
FCSK	omit_external	0.914400494437577	54
LRRC4	omit_external	0.78934899052328	448
PFKFB2	omit_external	0.823518158808641	284
ADHFE1	omit_external	0.796176938018718	406
ZNF615	omit_external	0.808949908764495	348
TTTY15	omit_external	0.745291070692801	758
ATP9B	omit_external	0.759417858614397	643
ZNF204P	omit_external	0.766775560656896	591
EIF4ENIF1	omit_external	0.686400023544646	1351
ZNF827	omit_external	0.725955029725116	933
RIOX1	omit_external	0.713947259991759	1047
LY6H	median_percentile	0.964374006710224	28.5
HS3ST5	median_percentile	0.972585202189652	15
ZNF853	median_percentile	0.909191241391489	169
IL17D	median_percentile	0.916122196715522	152
LSAMP	median_percentile	0.873256224615928	294
FAAH	median_percentile	0.829639766907999	496
C12orf60	median_percentile	0.820369062334452	549
KCNJ4	median_percentile	0.823591735829066	527
CABLES2	median_percentile	0.783462828889281	795
PNCK	median_percentile	0.954264524103832	49
CLPTM1	median_percentile	0.846150450291365	418
PDPR	median_percentile	0.778253575843193	829
HEY1	median_percentile	0.936870916475366	91
NRN1	median_percentile	0.918241214903761	144
KCNIP2	median_percentile	0.881820589793396	256
ROBO2	median_percentile	0.851668726823239	396
UGT8	median_percentile	0.885573017835069	237
CTBP1-DT	median_percentile	0.741126611336748	1153
RAB28	median_percentile	0.754017305315204	1036.5
SHQ1	median_percentile	0.697245276355289	1653
SPIN1	median_percentile	0.739051739360763	1170.5
SLC38A9	median_percentile	0.704352816528342	1543.5
ADCYAP1R1	median_percentile	0.911707575490023	162
HLA-DPB1	median_percentile	0.919565601271411	139
ZMAT4	median_percentile	0.916387073989052	150
LINC00665	median_percentile	0.902348578491965	190
FCSK	median_percentile	0.88212961327918	254
LRRC4	median_percentile	0.879789864029667	262
PFKFB2	median_percentile	0.821649302489846	541
ADHFE1	median_percentile	0.914841956560127	156
ZNF615	median_percentile	0.890782270881158	219
TTTY15	median_percentile	0.823680028253575	526
ATP9B	median_percentile	0.843413385131556	438
ZNF204P	median_percentile	0.77185237506622	882
EIF4ENIF1	median_percentile	0.698128200600388	1636
ZNF827	median_percentile	0.63310082994879	2607
RIOX1	median_percentile	0.646874448172347	2351.5
