iteration	complete_pattern_genes	raw_processed_robust_overlap
1	38	1
2	46	1
3	34	3
4	44	2
5	41	1
6	53	0
7	45	3
8	40	1
9	48	1
10	44	1
11	47	2
12	38	3
13	39	1
14	37	1
15	37	1
16	44	1
17	56	1
18	40	2
19	39	1
20	39	1
21	47	1
22	37	1
23	44	3
24	42	2
25	43	2
26	39	0
27	45	3
28	36	2
29	42	3
30	39	1
31	38	2
32	51	1
33	38	1
34	50	2
35	49	1
36	33	2
37	41	1
38	41	1
39	27	2
40	48	2
41	44	2
42	44	2
43	43	2
44	43	0
45	40	1
46	42	1
47	37	2
48	43	3
49	34	1
50	32	3
51	40	2
52	38	0
53	39	2
54	32	2
55	42	2
56	30	3
57	49	1
58	39	2
59	38	2
60	43	0
61	37	1
62	45	1
63	41	2
64	49	1
65	44	2
66	44	1
67	52	3
68	36	1
69	35	3
70	49	0
71	35	3
72	40	1
73	44	1
74	41	3
75	50	4
76	34	2
77	47	2
78	46	1
79	41	2
80	42	3
81	39	1
82	35	1
83	44	1
84	35	0
85	44	1
86	48	3
87	49	2
88	56	1
89	41	2
90	44	1
91	35	0
92	32	2
93	50	3
94	40	3
95	42	3
96	43	3
97	40	2
98	43	2
99	36	3
100	42	2
101	45	3
102	44	2
103	56	2
104	32	2
105	45	3
106	47	1
107	46	2
108	39	0
109	28	2
110	59	2
111	38	2
112	33	2
113	50	2
114	47	3
115	57	2
116	39	1
117	41	2
118	43	2
119	47	1
120	60	3
121	32	2
122	41	1
123	46	2
124	45	2
125	46	1
126	43	0
127	42	3
128	43	1
129	38	2
130	41	2
131	49	2
132	43	2
133	42	1
134	32	2
135	47	2
136	36	2
137	40	1
138	41	2
139	44	2
140	38	2
141	49	3
142	50	2
143	39	2
144	39	2
145	44	2
146	47	2
147	40	4
148	39	2
149	41	2
150	51	3
151	40	3
152	36	1
153	36	1
154	36	4
155	42	2
156	42	1
157	41	1
158	49	2
159	38	0
160	32	3
161	45	2
162	38	0
163	56	1
164	37	1
165	43	0
166	56	2
167	41	2
168	46	2
169	44	2
170	50	0
171	46	1
172	30	2
173	43	3
174	28	2
175	43	2
176	48	1
177	58	3
178	49	3
179	36	4
180	36	1
181	46	2
182	44	2
183	40	2
184	50	1
185	36	3
186	38	0
187	40	0
188	51	2
189	33	2
190	55	0
191	44	1
192	55	1
193	34	2
194	40	1
195	49	3
196	37	0
197	40	1
198	38	1
199	42	2
200	50	1
201	31	1
202	35	1
203	44	2
204	44	0
205	46	2
206	43	2
207	52	2
208	35	0
209	45	0
210	43	1
211	42	2
212	40	2
213	39	1
214	45	1
215	54	2
216	44	3
217	44	1
218	41	1
219	37	3
220	45	1
221	39	0
222	52	3
223	51	1
224	40	3
225	44	2
226	43	1
227	41	2
228	40	1
229	45	1
230	41	2
231	35	1
232	32	0
233	46	1
234	44	1
235	36	1
236	31	1
237	46	3
238	47	2
239	39	1
240	27	3
241	46	0
242	55	1
243	48	1
244	41	0
245	37	1
246	42	2
247	55	2
248	52	2
249	41	1
250	33	1
251	38	3
252	46	2
253	50	3
254	54	1
255	42	3
256	50	2
257	40	3
258	45	2
259	49	3
260	43	3
261	46	2
262	43	3
263	45	2
264	35	1
265	46	1
266	38	2
267	44	1
268	43	2
269	47	1
270	36	2
271	35	3
272	49	1
273	45	1
274	44	1
275	41	1
276	42	2
277	38	3
278	49	2
279	32	2
280	41	1
281	61	2
282	38	3
283	37	2
284	40	2
285	45	2
286	48	1
287	52	1
288	51	3
289	41	0
290	42	1
291	47	2
292	50	3
293	44	1
294	55	2
295	34	3
296	44	2
297	49	1
298	40	1
299	41	1
300	38	3
301	39	1
302	46	2
303	39	2
304	44	1
305	45	2
306	46	2
307	40	1
308	47	2
309	54	2
310	30	3
311	38	0
312	47	1
313	40	1
314	48	2
315	40	2
316	40	2
317	37	1
318	38	1
319	47	2
320	45	2
321	44	2
322	51	3
323	44	3
324	38	2
325	37	3
326	35	2
327	49	0
328	49	0
329	40	2
330	38	1
331	45	2
332	40	2
333	51	1
334	33	1
335	34	2
336	46	1
337	49	1
338	38	0
339	42	2
340	43	2
341	48	2
342	38	3
343	36	1
344	44	2
345	47	4
346	37	1
347	44	2
348	49	3
349	44	2
350	37	1
351	41	1
352	31	1
353	53	2
354	45	2
355	47	3
356	34	2
357	44	4
358	45	1
359	45	5
360	48	2
361	31	1
362	50	1
363	36	2
364	44	2
365	27	2
366	26	2
367	31	2
368	46	2
369	36	2
370	47	0
371	46	2
372	36	4
373	33	1
374	56	1
375	44	1
376	36	1
377	54	0
378	50	2
379	41	2
380	34	2
381	41	2
382	45	3
383	43	2
384	45	2
385	47	1
386	51	1
387	42	2
388	38	2
389	42	3
390	36	2
391	50	2
392	37	2
393	45	3
394	44	1
395	39	2
396	44	3
397	48	1
398	42	3
399	33	4
400	46	0
401	43	2
402	48	1
403	41	2
404	48	2
405	41	4
406	41	2
407	47	1
408	31	2
409	38	1
410	43	1
411	40	2
412	41	2
413	40	2
414	53	4
415	48	2
416	36	1
417	45	0
418	43	1
419	45	2
420	43	4
421	44	3
422	50	1
423	40	2
424	30	1
425	48	2
426	40	1
427	46	2
428	54	3
429	51	1
430	49	2
431	46	3
432	47	3
433	44	1
434	40	1
435	45	1
436	44	0
437	52	3
438	30	2
439	41	1
440	54	1
441	45	0
442	54	1
443	38	2
444	50	2
445	50	2
446	39	1
447	34	3
448	42	3
449	40	2
450	41	1
451	34	2
452	37	2
453	50	1
454	51	2
455	25	2
456	38	2
457	57	2
458	47	2
459	35	2
460	35	2
461	37	3
462	47	3
463	42	2
464	46	2
465	40	3
466	45	3
467	41	2
468	54	2
469	39	2
470	30	3
471	36	1
472	39	2
473	40	2
474	50	2
475	39	2
476	48	3
477	42	2
478	48	2
479	35	2
480	44	1
481	50	0
482	44	2
483	44	2
484	42	3
485	50	1
486	49	2
487	49	4
488	47	3
489	39	1
490	35	0
491	42	1
492	42	2
493	40	0
494	45	1
495	42	1
496	42	2
497	43	2
498	50	2
499	47	4
500	44	2
501	43	3
502	33	3
503	46	1
504	54	2
505	41	2
506	52	0
507	33	3
508	49	2
509	31	1
510	34	1
511	42	3
512	37	0
513	44	0
514	39	1
515	39	3
516	52	1
517	43	2
518	42	0
519	40	1
520	51	1
521	39	1
522	38	1
523	36	2
524	52	1
525	40	0
526	55	3
527	46	2
528	52	1
529	28	3
530	32	1
531	47	2
532	35	3
533	39	1
534	35	2
535	31	2
536	45	1
537	44	0
538	41	1
539	46	1
540	44	1
541	43	1
542	45	3
543	38	1
544	53	4
545	41	2
546	42	2
547	40	3
548	34	1
549	41	2
550	39	5
551	41	0
552	50	3
553	48	2
554	43	3
555	32	2
556	49	2
557	45	0
558	42	4
559	45	3
560	48	1
561	39	2
562	46	2
563	30	2
564	44	1
565	45	2
566	50	1
567	39	0
568	50	1
569	36	1
570	38	3
571	39	0
572	51	3
573	40	1
574	42	3
575	42	2
576	42	2
577	53	1
578	41	1
579	41	2
580	56	2
581	44	1
582	48	2
583	37	2
584	56	2
585	29	1
586	53	1
587	33	1
588	37	2
589	53	1
590	37	1
591	36	1
592	42	3
593	50	0
594	40	0
595	31	2
596	43	0
597	43	1
598	36	3
599	51	1
600	33	3
601	45	1
602	44	3
603	47	0
604	34	3
605	37	1
606	44	1
607	35	2
608	42	1
609	25	2
610	30	3
611	43	3
612	46	1
613	48	3
614	44	2
615	52	1
616	35	2
617	37	1
618	47	2
619	43	2
620	33	2
621	43	3
622	41	2
623	31	2
624	45	2
625	42	2
626	47	1
627	53	0
628	38	1
629	47	3
630	45	2
631	48	3
632	38	2
633	41	2
634	42	1
635	40	0
636	46	1
637	42	4
638	49	1
639	45	1
640	42	2
641	52	2
642	41	0
643	48	2
644	40	1
645	41	1
646	33	2
647	50	2
648	45	3
649	37	3
650	42	2
651	34	2
652	41	2
653	48	1
654	39	1
655	46	1
656	34	2
657	43	2
658	40	1
659	45	1
660	37	2
661	44	3
662	46	0
663	40	2
664	39	1
665	41	2
666	39	3
667	55	3
668	42	0
669	34	3
670	51	2
671	48	1
672	47	1
673	48	1
674	33	2
675	32	2
676	30	2
677	35	2
678	42	2
679	37	3
680	46	1
681	31	1
682	46	2
683	49	2
684	57	1
685	45	1
686	40	2
687	45	1
688	50	2
689	30	1
690	43	4
691	44	2
692	49	1
693	44	2
694	43	3
695	45	2
696	45	2
697	40	1
698	46	1
699	42	1
700	44	1
701	49	2
702	43	1
703	46	1
704	47	2
705	47	3
706	32	1
707	38	4
708	26	1
709	44	1
710	39	1
711	43	1
712	33	3
713	36	1
714	40	3
715	42	1
716	43	1
717	46	2
718	34	3
719	39	2
720	44	1
721	44	1
722	47	4
723	44	1
724	41	1
725	47	1
726	39	3
727	39	1
728	45	2
729	45	3
730	46	3
731	36	3
732	53	2
733	52	3
734	41	0
735	46	0
736	39	2
737	33	4
738	45	1
739	47	2
740	41	1
741	49	2
742	39	2
743	49	2
744	46	2
745	42	4
746	44	2
747	38	2
748	41	3
749	41	1
750	42	2
751	38	1
752	44	1
753	49	2
754	43	2
755	44	2
756	49	2
757	41	1
758	22	0
759	40	3
760	49	3
761	43	1
762	45	2
763	47	1
764	38	1
765	47	2
766	46	2
767	44	1
768	44	3
769	39	0
770	52	1
771	47	1
772	40	2
773	37	1
774	52	2
775	48	1
776	37	3
777	40	0
778	37	2
779	47	1
780	51	1
781	41	0
782	51	1
783	49	3
784	48	2
785	43	2
786	35	1
787	43	1
788	43	1
789	32	1
790	43	2
791	34	2
792	36	2
793	40	2
794	43	3
795	32	1
796	42	2
797	47	4
798	39	3
799	47	3
800	43	3
801	41	1
802	33	2
803	45	3
804	48	3
805	42	3
806	39	3
807	41	4
808	45	0
809	50	3
810	44	1
811	34	2
812	40	0
813	36	2
814	36	1
815	55	1
816	37	2
817	45	0
818	46	1
819	40	1
820	30	3
821	47	2
822	45	0
823	42	2
824	46	1
825	50	3
826	46	0
827	35	2
828	49	2
829	55	1
830	48	1
831	41	2
832	41	0
833	47	2
834	38	2
835	31	1
836	49	0
837	52	1
838	37	2
839	45	2
840	43	0
841	33	3
842	35	2
843	23	1
844	45	1
845	32	1
846	39	2
847	35	3
848	33	1
849	38	2
850	38	1
851	42	3
852	44	2
853	44	0
854	48	1
855	43	0
856	43	2
857	38	1
858	44	1
859	41	1
860	42	2
861	45	2
862	40	2
863	38	3
864	42	2
865	39	1
866	36	1
867	38	1
868	39	1
869	43	1
870	41	1
871	41	1
872	39	1
873	49	0
874	40	2
875	44	0
876	42	3
877	45	2
878	46	2
879	39	1
880	41	1
881	50	3
882	48	2
883	50	1
884	43	1
885	40	0
886	48	1
887	49	2
888	42	1
889	42	1
890	39	0
891	41	1
892	42	2
893	59	1
894	45	3
895	35	1
896	45	1
897	43	2
898	51	3
899	52	1
900	61	3
901	30	1
902	40	2
903	40	3
904	37	1
905	43	3
906	39	1
907	45	4
908	42	0
909	38	1
910	43	0
911	34	3
912	31	2
913	29	1
914	36	1
915	42	2
916	47	0
917	42	3
918	36	2
919	47	2
920	34	2
921	33	3
922	43	2
923	43	1
924	45	4
925	38	3
926	33	2
927	44	3
928	37	1
929	40	1
930	31	3
931	46	2
932	39	4
933	41	1
934	36	2
935	39	2
936	46	2
937	50	2
938	54	0
939	40	2
940	49	1
941	36	2
942	53	3
943	37	4
944	39	2
945	48	3
946	29	1
947	44	1
948	53	1
949	28	1
950	41	1
951	38	1
952	34	2
953	37	2
954	41	2
955	36	2
956	44	0
957	28	1
958	35	2
959	48	1
960	47	1
961	51	2
962	50	1
963	45	2
964	51	1
965	52	2
966	48	2
967	50	1
968	39	3
969	39	2
970	44	2
971	36	3
972	43	3
973	53	6
974	41	0
975	38	3
976	35	2
977	42	1
978	43	2
979	49	1
980	41	0
981	50	2
982	42	1
983	52	2
984	31	1
985	51	0
986	31	2
987	47	2
988	33	1
989	49	1
990	49	3
991	43	2
992	42	4
993	40	1
994	37	3
995	38	2
996	44	1
997	45	2
998	39	2
999	33	1
1000	45	2
1001	51	1
1002	44	3
1003	56	1
1004	59	1
1005	44	3
1006	45	0
1007	41	2
1008	48	1
1009	49	2
1010	42	0
1011	31	2
1012	45	2
1013	43	2
1014	40	2
1015	49	2
1016	30	1
1017	40	2
1018	37	3
1019	42	3
1020	47	2
1021	34	2
1022	41	0
1023	43	4
1024	25	1
1025	37	2
1026	32	2
1027	56	0
1028	45	2
1029	40	0
1030	40	2
1031	41	3
1032	42	0
1033	33	1
1034	51	1
1035	47	1
1036	34	2
1037	44	3
1038	32	2
1039	52	0
1040	34	3
1041	39	1
1042	45	2
1043	37	4
1044	45	2
1045	46	1
1046	38	0
1047	32	0
1048	40	1
1049	41	1
1050	35	4
1051	38	2
1052	39	2
1053	43	0
1054	41	0
1055	50	0
1056	33	1
1057	51	3
1058	44	2
1059	48	0
1060	46	1
1061	49	2
1062	34	2
1063	38	3
1064	46	2
1065	51	1
1066	50	0
1067	37	3
1068	46	2
1069	46	1
1070	39	2
1071	38	3
1072	43	2
1073	30	1
1074	43	2
1075	45	2
1076	35	1
1077	38	2
1078	46	2
1079	41	3
1080	39	4
1081	52	1
1082	46	2
1083	33	2
1084	50	0
1085	42	0
1086	39	0
1087	33	2
1088	50	2
1089	54	3
1090	40	2
1091	42	1
1092	41	1
1093	38	2
1094	37	2
1095	44	2
1096	50	2
1097	47	1
1098	48	0
1099	47	1
1100	45	3
1101	43	1
1102	41	1
1103	50	1
1104	28	1
1105	50	3
1106	39	2
1107	36	2
1108	30	3
1109	46	4
1110	35	3
1111	28	3
1112	43	3
1113	54	0
1114	39	3
1115	41	2
1116	47	3
1117	47	2
1118	34	1
1119	39	1
1120	45	2
1121	41	0
1122	41	1
1123	39	0
1124	50	2
1125	42	0
1126	47	1
1127	38	3
1128	50	3
1129	46	3
1130	35	3
1131	37	1
1132	45	2
1133	35	3
1134	38	3
1135	40	2
1136	39	3
1137	50	3
1138	42	3
1139	47	4
1140	33	1
1141	43	2
1142	41	3
1143	39	1
1144	45	1
1145	46	1
1146	50	4
1147	45	1
1148	27	1
1149	53	1
1150	51	2
1151	45	2
1152	46	0
1153	36	1
1154	46	1
1155	37	2
1156	36	4
1157	32	1
1158	44	3
1159	38	2
1160	36	3
1161	39	2
1162	56	2
1163	43	2
1164	36	1
1165	49	0
1166	51	1
1167	39	2
1168	50	3
1169	53	3
1170	48	1
1171	47	1
1172	48	0
1173	41	3
1174	48	1
1175	41	3
1176	53	2
1177	48	1
1178	43	3
1179	38	1
1180	40	1
1181	33	2
1182	38	2
1183	35	1
1184	36	3
1185	44	3
1186	38	2
1187	54	0
1188	34	1
1189	37	1
1190	34	3
1191	46	1
1192	35	1
1193	40	1
1194	38	1
1195	41	1
1196	50	2
1197	41	1
1198	41	1
1199	41	1
1200	33	1
1201	35	3
1202	30	2
1203	35	1
1204	29	1
1205	36	1
1206	44	2
1207	42	3
1208	44	3
1209	48	1
1210	50	2
1211	38	1
1212	47	2
1213	43	3
1214	47	1
1215	46	1
1216	51	2
1217	39	1
1218	38	3
1219	37	2
1220	37	1
1221	44	2
1222	41	2
1223	46	3
1224	47	2
1225	31	2
1226	38	1
1227	35	1
1228	45	0
1229	49	2
1230	48	1
1231	39	2
1232	39	2
1233	37	2
1234	40	2
1235	37	2
1236	37	2
1237	36	3
1238	42	0
1239	37	3
1240	49	4
1241	35	2
1242	32	2
1243	42	0
1244	40	3
1245	39	1
1246	39	1
1247	45	0
1248	42	1
1249	41	1
1250	41	3
1251	43	1
1252	39	3
1253	43	2
1254	36	1
1255	45	2
1256	37	1
1257	36	4
1258	37	2
1259	45	1
1260	50	1
1261	39	2
1262	50	0
1263	47	1
1264	39	3
1265	44	1
1266	49	1
1267	38	0
1268	52	3
1269	45	0
1270	38	2
1271	38	3
1272	52	2
1273	36	1
1274	47	3
1275	46	2
1276	42	2
1277	29	1
1278	44	1
1279	46	1
1280	36	1
1281	45	1
1282	41	2
1283	39	2
1284	36	1
1285	41	1
1286	40	2
1287	45	1
1288	52	2
1289	47	2
1290	45	2
1291	34	3
1292	31	0
1293	45	2
1294	51	1
1295	39	2
1296	39	2
1297	44	1
1298	47	0
1299	46	2
1300	34	2
1301	40	1
1302	43	4
1303	40	1
1304	41	0
1305	49	0
1306	46	1
1307	49	2
1308	46	2
1309	33	4
1310	46	0
1311	52	2
1312	42	3
1313	41	1
1314	31	1
1315	53	3
1316	40	2
1317	43	2
1318	37	1
1319	44	2
1320	44	0
1321	47	1
1322	38	1
1323	36	2
1324	39	2
1325	42	3
1326	48	0
1327	41	0
1328	38	2
1329	32	1
1330	49	3
1331	37	1
1332	48	1
1333	36	1
1334	34	3
1335	44	2
1336	36	0
1337	41	0
1338	55	3
1339	39	0
1340	39	2
1341	38	0
1342	41	1
1343	38	0
1344	45	2
1345	41	3
1346	54	2
1347	47	1
1348	40	2
1349	46	1
1350	48	4
1351	38	1
1352	37	1
1353	37	0
1354	42	0
1355	43	1
1356	41	0
1357	46	3
1358	40	1
1359	38	2
1360	46	2
1361	44	3
1362	41	3
1363	50	3
1364	50	0
1365	46	1
1366	46	2
1367	37	2
1368	47	1
1369	42	1
1370	49	1
1371	57	1
1372	37	2
1373	45	2
1374	35	2
1375	44	2
1376	45	2
1377	43	0
1378	40	2
1379	46	1
1380	47	2
1381	45	3
1382	56	3
1383	48	3
1384	48	1
1385	55	2
1386	46	1
1387	43	3
1388	38	0
1389	46	1
1390	27	1
1391	49	1
1392	44	3
1393	39	3
1394	41	3
1395	45	2
1396	42	1
1397	46	2
1398	45	1
1399	45	2
1400	49	2
1401	45	0
1402	42	0
1403	38	2
1404	42	2
1405	49	3
1406	42	2
1407	39	1
1408	41	2
1409	37	2
1410	36	2
1411	33	1
1412	47	1
1413	40	1
1414	40	2
1415	38	2
1416	44	2
1417	45	1
1418	50	4
1419	38	3
1420	35	2
1421	51	2
1422	43	0
1423	34	1
1424	38	2
1425	50	2
1426	36	0
1427	35	3
1428	39	1
1429	32	2
1430	45	2
1431	37	2
1432	48	2
1433	40	0
1434	46	4
1435	43	2
1436	32	1
1437	34	2
1438	45	0
1439	41	3
1440	37	1
1441	40	2
1442	54	1
1443	37	3
1444	40	0
1445	42	3
1446	31	3
1447	42	0
1448	31	0
1449	40	1
1450	36	3
1451	39	1
1452	37	1
1453	41	2
1454	36	2
1455	38	2
1456	30	1
1457	48	3
1458	42	3
1459	39	1
1460	46	3
1461	40	1
1462	42	0
1463	41	2
1464	37	3
1465	33	1
1466	39	1
1467	47	2
1468	40	4
1469	31	1
1470	43	2
1471	39	2
1472	33	0
1473	38	2
1474	45	1
1475	49	2
1476	34	3
1477	30	2
1478	44	1
1479	54	1
1480	42	2
1481	44	1
1482	39	1
1483	46	2
1484	38	0
1485	49	0
1486	43	1
1487	42	1
1488	51	2
1489	47	0
1490	41	1
1491	29	1
1492	52	1
1493	42	3
1494	48	2
1495	33	2
1496	41	3
1497	40	2
1498	45	1
1499	40	2
1500	46	2
1501	52	1
1502	42	1
1503	44	1
1504	43	3
1505	34	0
1506	44	1
1507	37	2
1508	44	1
1509	46	3
1510	44	4
1511	43	4
1512	43	2
1513	41	2
1514	43	1
1515	40	1
1516	49	4
1517	38	1
1518	43	2
1519	37	2
1520	39	1
1521	42	1
1522	40	2
1523	44	0
1524	48	1
1525	40	2
1526	42	2
1527	39	1
1528	31	0
1529	39	2
1530	32	0
1531	40	1
1532	43	1
1533	41	2
1534	37	1
1535	33	2
1536	46	2
1537	41	3
1538	47	0
1539	42	3
1540	43	0
1541	45	1
1542	37	2
1543	40	2
1544	45	4
1545	52	2
1546	43	3
1547	48	0
1548	46	2
1549	59	2
1550	56	2
1551	45	1
1552	44	1
1553	50	3
1554	43	1
1555	53	2
1556	36	1
1557	42	5
1558	37	2
1559	46	3
1560	43	1
1561	29	3
1562	40	2
1563	49	4
1564	44	2
1565	55	2
1566	41	3
1567	32	0
1568	34	2
1569	49	2
1570	39	2
1571	43	2
1572	50	0
1573	41	2
1574	44	2
1575	34	1
1576	48	2
1577	39	1
1578	33	2
1579	36	1
1580	34	2
1581	50	1
1582	34	1
1583	48	2
1584	42	2
1585	46	3
1586	43	1
1587	43	0
1588	36	1
1589	31	0
1590	40	3
1591	30	1
1592	39	2
1593	43	1
1594	47	1
1595	35	2
1596	39	1
1597	47	0
1598	50	1
1599	46	1
1600	41	1
1601	57	1
1602	40	3
1603	43	0
1604	54	4
1605	40	2
1606	38	0
1607	37	2
1608	48	2
1609	39	2
1610	38	0
1611	42	3
1612	50	1
1613	43	0
1614	39	2
1615	31	2
1616	47	2
1617	35	1
1618	48	1
1619	40	1
1620	47	2
1621	36	0
1622	36	1
1623	42	1
1624	50	2
1625	39	0
1626	34	2
1627	51	1
1628	42	1
1629	45	1
1630	51	2
1631	45	1
1632	49	4
1633	39	2
1634	49	2
1635	42	4
1636	60	4
1637	46	2
1638	42	1
1639	42	0
1640	47	1
1641	38	2
1642	34	1
1643	38	3
1644	34	2
1645	36	1
1646	45	1
1647	52	2
1648	42	1
1649	36	0
1650	47	4
1651	53	1
1652	38	2
1653	38	1
1654	32	2
1655	45	1
1656	44	2
1657	51	1
1658	45	2
1659	41	1
1660	31	1
1661	48	0
1662	59	1
1663	37	2
1664	40	3
1665	53	1
1666	42	2
1667	38	2
1668	37	3
1669	46	2
1670	39	1
1671	53	3
1672	37	1
1673	33	2
1674	45	2
1675	41	1
1676	31	0
1677	41	2
1678	49	0
1679	43	2
1680	35	2
1681	42	1
1682	37	3
1683	42	0
1684	48	2
1685	47	0
1686	40	1
1687	38	3
1688	38	2
1689	35	0
1690	49	1
1691	34	3
1692	35	2
1693	39	2
1694	43	3
1695	35	0
1696	41	0
1697	35	1
1698	46	1
1699	32	2
1700	44	1
1701	51	1
1702	55	1
1703	48	3
1704	49	3
1705	40	3
1706	33	1
1707	40	0
1708	46	1
1709	46	1
1710	41	5
1711	44	4
1712	34	2
1713	55	3
1714	47	4
1715	57	1
1716	38	2
1717	49	1
1718	30	2
1719	40	1
1720	52	0
1721	44	2
1722	46	3
1723	41	2
1724	41	1
1725	52	1
1726	42	2
1727	32	1
1728	49	1
1729	47	3
1730	50	0
1731	53	2
1732	48	2
1733	53	0
1734	39	1
1735	45	2
1736	49	1
1737	49	1
1738	38	3
1739	29	1
1740	46	1
1741	44	1
1742	47	3
1743	57	1
1744	44	2
1745	37	2
1746	49	1
1747	38	1
1748	39	1
1749	41	0
1750	50	3
1751	45	0
1752	54	2
1753	38	1
1754	38	4
1755	31	3
1756	45	0
1757	41	2
1758	45	2
1759	35	0
1760	42	5
1761	38	1
1762	45	2
1763	41	2
1764	28	2
1765	47	1
1766	41	1
1767	38	2
1768	34	2
1769	46	2
1770	50	5
1771	41	2
1772	43	2
1773	42	3
1774	50	2
1775	44	2
1776	37	3
1777	39	2
1778	50	3
1779	39	2
1780	47	1
1781	40	1
1782	45	0
1783	30	2
1784	44	2
1785	40	2
1786	47	2
1787	49	1
1788	38	3
1789	39	0
1790	34	1
1791	44	2
1792	49	1
1793	39	1
1794	41	2
1795	38	3
1796	47	2
1797	41	0
1798	39	2
1799	43	2
1800	44	2
1801	37	2
1802	45	2
1803	34	0
1804	43	0
1805	42	3
1806	47	3
1807	43	3
1808	33	1
1809	36	1
1810	45	1
1811	32	1
1812	50	2
1813	40	2
1814	37	3
1815	38	1
1816	38	3
1817	42	1
1818	26	3
1819	39	1
1820	34	1
1821	38	3
1822	37	3
1823	29	2
1824	48	3
1825	50	2
1826	43	1
1827	49	2
1828	41	1
1829	38	3
1830	36	0
1831	45	2
1832	46	1
1833	62	2
1834	45	1
1835	40	0
1836	36	3
1837	40	2
1838	29	2
1839	44	1
1840	38	1
1841	39	2
1842	38	1
1843	48	3
1844	33	3
1845	51	3
1846	29	2
1847	34	1
1848	30	1
1849	50	3
1850	40	1
1851	53	3
1852	41	2
1853	43	3
1854	47	2
1855	44	2
1856	28	2
1857	43	1
1858	41	2
1859	35	2
1860	42	2
1861	42	2
1862	52	2
1863	44	1
1864	40	2
1865	44	2
1866	44	1
1867	47	3
1868	29	2
1869	51	0
1870	44	1
1871	41	2
1872	39	3
1873	42	2
1874	46	3
1875	49	1
1876	38	2
1877	42	1
1878	41	2
1879	43	2
1880	35	2
1881	43	3
1882	37	2
1883	42	3
1884	45	1
1885	46	2
1886	33	1
1887	37	2
1888	44	0
1889	55	2
1890	36	2
1891	40	2
1892	36	2
1893	38	3
1894	48	3
1895	45	1
1896	45	1
1897	52	2
1898	42	1
1899	43	3
1900	37	1
1901	38	0
1902	42	2
1903	51	1
1904	39	3
1905	54	1
1906	35	1
1907	47	1
1908	43	1
1909	46	2
1910	46	0
1911	31	4
1912	41	2
1913	39	2
1914	44	0
1915	42	2
1916	43	1
1917	46	3
1918	33	2
1919	41	2
1920	38	1
1921	58	0
1922	38	1
1923	41	2
1924	36	2
1925	38	1
1926	48	2
1927	48	2
1928	30	4
1929	56	2
1930	46	3
1931	31	3
1932	41	2
1933	43	1
1934	41	0
1935	47	2
1936	38	0
1937	44	2
1938	48	1
1939	39	1
1940	34	3
1941	39	2
1942	44	2
1943	47	1
1944	55	3
1945	44	3
1946	36	1
1947	46	0
1948	42	1
1949	41	3
1950	48	2
1951	49	1
1952	48	1
1953	41	1
1954	31	4
1955	38	1
1956	60	0
1957	47	2
1958	41	2
1959	44	0
1960	50	3
1961	37	2
1962	45	3
1963	40	2
1964	44	1
1965	36	1
1966	35	3
1967	49	1
1968	39	1
1969	42	3
1970	42	3
1971	34	2
1972	45	1
1973	36	2
1974	54	1
1975	44	0
1976	47	2
1977	44	1
1978	47	2
1979	41	1
1980	43	2
1981	45	1
1982	47	1
1983	46	1
1984	58	4
1985	38	2
1986	42	2
1987	34	2
1988	43	2
1989	39	3
1990	46	0
1991	50	2
1992	33	0
1993	48	2
1994	52	3
1995	40	2
1996	39	2
1997	46	1
1998	42	2
1999	38	2
2000	28	2
2001	42	3
2002	37	2
2003	39	2
2004	54	1
2005	26	1
2006	41	4
2007	47	0
2008	30	2
2009	35	3
2010	31	0
2011	52	1
2012	45	1
2013	51	1
2014	39	0
2015	43	2
2016	47	0
2017	51	3
2018	43	0
2019	40	1
2020	40	3
2021	34	3
2022	36	2
2023	47	1
2024	55	3
2025	42	2
2026	36	1
2027	45	1
2028	40	3
2029	42	2
2030	47	3
2031	46	2
2032	43	0
2033	36	1
2034	51	0
2035	37	3
2036	37	2
2037	43	3
2038	42	2
2039	52	1
2040	43	1
2041	35	1
2042	48	0
2043	45	2
2044	42	2
2045	39	0
2046	42	1
2047	45	2
2048	55	1
2049	37	1
2050	42	0
2051	48	1
2052	34	3
2053	47	2
2054	42	1
2055	42	2
2056	44	2
2057	37	2
2058	29	0
2059	45	1
2060	43	0
2061	38	2
2062	52	3
2063	34	2
2064	36	3
2065	41	1
2066	35	1
2067	49	1
2068	39	1
2069	65	1
2070	34	1
2071	50	2
2072	37	2
2073	37	1
2074	31	2
2075	42	0
2076	46	1
2077	39	4
2078	52	1
2079	35	2
2080	52	3
2081	47	2
2082	43	1
2083	32	0
2084	54	1
2085	31	1
2086	46	3
2087	40	1
2088	39	4
2089	47	2
2090	44	1
2091	48	1
2092	51	5
2093	36	4
2094	47	5
2095	49	3
2096	37	4
2097	43	2
2098	36	0
2099	46	1
2100	43	0
2101	40	2
2102	39	1
2103	44	1
2104	49	1
2105	40	0
2106	41	1
2107	46	1
2108	42	3
2109	43	5
2110	41	2
2111	37	0
2112	38	1
2113	47	0
2114	43	2
2115	42	3
2116	56	2
2117	39	3
2118	43	1
2119	35	1
2120	45	2
2121	48	3
2122	38	1
2123	42	2
2124	43	1
2125	42	3
2126	44	3
2127	50	2
2128	47	1
2129	45	2
2130	41	2
2131	49	1
2132	38	2
2133	41	1
2134	39	2
2135	41	1
2136	34	2
2137	40	1
2138	44	1
2139	56	1
2140	37	1
2141	38	0
2142	46	1
2143	38	1
2144	37	0
2145	48	3
2146	48	2
2147	31	3
2148	47	2
2149	39	3
2150	37	2
2151	37	2
2152	38	2
2153	46	1
2154	46	2
2155	50	1
2156	42	1
2157	51	2
2158	36	2
2159	42	2
2160	34	2
2161	50	0
2162	47	0
2163	50	2
2164	51	3
2165	46	2
2166	52	2
2167	46	0
2168	48	1
2169	49	1
2170	34	4
2171	46	1
2172	33	0
2173	34	1
2174	48	2
2175	32	2
2176	43	2
2177	38	1
2178	30	2
2179	40	2
2180	45	3
2181	52	1
2182	35	4
2183	54	3
2184	42	1
2185	50	1
2186	40	1
2187	40	2
2188	39	1
2189	44	2
2190	31	2
2191	42	2
2192	44	2
2193	34	2
2194	29	2
2195	38	2
2196	42	2
2197	44	2
2198	35	0
2199	29	3
2200	39	3
2201	50	0
2202	32	3
2203	40	0
2204	48	2
2205	41	3
2206	38	1
2207	51	2
2208	43	2
2209	40	2
2210	56	2
2211	42	3
2212	47	2
2213	41	3
2214	56	1
2215	45	1
2216	45	2
2217	41	1
2218	57	1
2219	38	2
2220	38	0
2221	45	0
2222	47	2
2223	41	4
2224	37	2
2225	26	3
2226	42	3
2227	40	3
2228	48	2
2229	53	1
2230	49	4
2231	37	1
2232	40	1
2233	36	1
2234	37	2
2235	46	2
2236	45	2
2237	49	3
2238	35	2
2239	48	3
2240	48	4
2241	35	2
2242	30	1
2243	55	1
2244	59	2
2245	36	2
2246	38	3
2247	39	1
2248	49	3
2249	46	1
2250	38	3
2251	40	1
2252	41	3
2253	44	3
2254	40	2
2255	50	2
2256	48	2
2257	43	1
2258	38	0
2259	41	2
2260	53	1
2261	32	1
2262	46	1
2263	41	1
2264	41	3
2265	41	3
2266	53	5
2267	33	3
2268	46	1
2269	49	3
2270	48	1
2271	46	3
2272	53	2
2273	42	1
2274	44	1
2275	36	0
2276	37	3
2277	46	0
2278	35	1
2279	46	2
2280	56	0
2281	54	1
2282	49	2
2283	35	2
2284	36	2
2285	42	1
2286	37	2
2287	44	2
2288	42	1
2289	44	1
2290	51	3
2291	46	1
2292	42	2
2293	42	4
2294	42	0
2295	53	2
2296	45	1
2297	31	0
2298	47	2
2299	41	5
2300	34	0
2301	47	1
2302	39	3
2303	35	1
2304	38	1
2305	45	1
2306	40	1
2307	35	3
2308	38	1
2309	41	2
2310	36	3
2311	52	2
2312	49	1
2313	45	3
2314	39	2
2315	42	0
2316	47	2
2317	54	2
2318	40	1
2319	41	2
2320	49	2
2321	37	2
2322	32	2
2323	45	2
2324	40	2
2325	37	2
2326	35	2
2327	43	2
2328	44	3
2329	47	5
2330	44	1
2331	32	1
2332	51	2
2333	42	1
2334	66	2
2335	39	0
2336	53	2
2337	35	3
2338	43	0
2339	32	0
2340	45	1
2341	41	2
2342	37	3
2343	45	4
2344	44	1
2345	36	1
2346	47	1
2347	35	3
2348	36	3
2349	47	2
2350	54	2
2351	43	2
2352	46	2
2353	50	3
2354	41	3
2355	41	0
2356	41	2
2357	41	0
2358	45	2
2359	42	2
2360	42	2
2361	50	1
2362	43	2
2363	37	1
2364	44	3
2365	45	3
2366	40	2
2367	37	2
2368	41	1
2369	41	2
2370	53	1
2371	34	2
2372	42	1
2373	41	2
2374	43	1
2375	37	2
2376	48	4
2377	44	2
2378	40	3
2379	41	3
2380	45	2
2381	45	2
2382	44	4
2383	52	1
2384	47	1
2385	38	1
2386	40	1
2387	54	2
2388	38	2
2389	41	3
2390	38	2
2391	50	1
2392	50	3
2393	42	3
2394	41	2
2395	41	1
2396	41	0
2397	42	1
2398	40	2
2399	50	2
2400	43	0
2401	48	1
2402	28	2
2403	41	2
2404	40	1
2405	35	2
2406	42	3
2407	43	0
2408	46	4
2409	39	2
2410	44	2
2411	41	2
2412	38	2
2413	47	1
2414	55	1
2415	41	2
2416	46	1
2417	37	1
2418	30	0
2419	36	2
2420	36	1
2421	44	3
2422	50	2
2423	38	3
2424	41	1
2425	45	2
2426	45	0
2427	47	1
2428	46	1
2429	28	3
2430	45	1
2431	35	1
2432	36	1
2433	43	0
2434	38	1
2435	47	1
2436	33	1
2437	36	2
2438	36	1
2439	33	4
2440	40	2
2441	37	2
2442	33	1
2443	53	0
2444	46	3
2445	47	1
2446	46	2
2447	44	2
2448	43	1
2449	39	1
2450	41	2
2451	45	2
2452	37	1
2453	46	1
2454	45	2
2455	32	1
2456	34	1
2457	35	0
2458	44	2
2459	42	2
2460	34	0
2461	45	2
2462	48	1
2463	44	2
2464	35	1
2465	45	2
2466	48	3
2467	36	2
2468	41	1
2469	49	1
2470	42	1
2471	33	1
2472	48	1
2473	37	3
2474	44	2
2475	31	3
2476	49	3
2477	39	3
2478	40	1
2479	40	3
2480	55	2
2481	41	0
2482	40	4
2483	50	2
2484	45	2
2485	36	1
2486	58	1
2487	37	2
2488	36	0
2489	43	2
2490	40	1
2491	48	2
2492	52	3
2493	32	1
2494	46	2
2495	53	2
2496	42	1
2497	39	1
2498	41	2
2499	44	2
2500	33	1
2501	37	2
2502	41	2
2503	43	2
2504	58	1
2505	32	1
2506	33	2
2507	44	0
2508	42	0
2509	40	2
2510	40	0
2511	40	2
2512	44	1
2513	43	1
2514	30	1
2515	37	1
2516	42	3
2517	42	3
2518	42	3
2519	41	1
2520	49	2
2521	39	1
2522	29	1
2523	39	2
2524	37	2
2525	48	2
2526	45	2
2527	48	0
2528	37	2
2529	42	1
2530	33	1
2531	42	1
2532	42	2
2533	43	1
2534	40	0
2535	37	1
2536	42	1
2537	53	4
2538	44	2
2539	27	0
2540	45	2
2541	52	2
2542	57	1
2543	51	3
2544	42	2
2545	39	2
2546	48	0
2547	31	2
2548	38	1
2549	41	1
2550	53	1
2551	46	3
2552	54	1
2553	46	0
2554	38	1
2555	41	1
2556	48	2
2557	47	1
2558	42	0
2559	49	2
2560	43	2
2561	39	2
2562	36	2
2563	50	2
2564	42	0
2565	47	0
2566	44	3
2567	30	1
2568	47	3
2569	44	1
2570	49	2
2571	40	4
2572	34	1
2573	50	3
2574	43	3
2575	45	0
2576	47	2
2577	38	1
2578	42	2
2579	35	0
2580	42	2
2581	36	1
2582	32	1
2583	43	1
2584	40	3
2585	46	1
2586	39	4
2587	51	1
2588	33	3
2589	46	1
2590	44	2
2591	45	1
2592	37	1
2593	43	4
2594	45	1
2595	32	2
2596	33	3
2597	38	1
2598	40	2
2599	41	1
2600	47	0
2601	41	1
2602	36	2
2603	48	0
2604	43	2
2605	44	0
2606	49	2
2607	46	0
2608	50	2
2609	40	1
2610	49	2
2611	44	0
2612	45	2
2613	48	2
2614	41	3
2615	34	2
2616	49	1
2617	42	1
2618	30	2
2619	44	2
2620	47	2
2621	34	2
2622	36	2
2623	39	2
2624	50	3
2625	43	1
2626	33	1
2627	50	1
2628	39	2
2629	48	1
2630	38	1
2631	34	2
2632	36	0
2633	46	1
2634	28	1
2635	47	2
2636	39	0
2637	46	2
2638	39	2
2639	50	0
2640	45	2
2641	34	3
2642	40	2
2643	44	1
2644	49	1
2645	45	1
2646	24	3
2647	53	2
2648	43	2
2649	44	2
2650	36	1
2651	41	3
2652	29	1
2653	45	2
2654	52	2
2655	41	1
2656	41	2
2657	41	1
2658	43	3
2659	40	0
2660	44	2
2661	43	2
2662	42	1
2663	60	1
2664	46	1
2665	43	1
2666	43	3
2667	54	2
2668	40	2
2669	40	0
2670	39	3
2671	38	3
2672	37	1
2673	47	1
2674	36	1
2675	47	1
2676	37	2
2677	42	1
2678	52	1
2679	41	1
2680	34	1
2681	26	4
2682	46	3
2683	49	2
2684	45	1
2685	40	2
2686	40	1
2687	40	1
2688	38	4
2689	26	2
2690	40	2
2691	40	0
2692	45	0
2693	43	3
2694	34	2
2695	39	1
2696	48	3
2697	48	3
2698	29	1
2699	54	0
2700	50	1
2701	51	2
2702	42	3
2703	49	1
2704	51	1
2705	40	2
2706	50	3
2707	40	3
2708	49	1
2709	47	1
2710	33	2
2711	52	0
2712	32	1
2713	56	3
2714	47	2
2715	42	2
2716	37	2
2717	43	1
2718	52	0
2719	52	1
2720	41	1
2721	36	1
2722	49	1
2723	36	2
2724	57	3
2725	25	3
2726	51	0
2727	43	4
2728	34	2
2729	36	1
2730	44	3
2731	51	2
2732	40	2
2733	35	1
2734	44	1
2735	34	2
2736	47	1
2737	46	2
2738	41	2
2739	35	3
2740	37	3
2741	47	3
2742	42	2
2743	34	2
2744	49	2
2745	43	3
2746	48	1
2747	47	1
2748	46	3
2749	41	1
2750	38	2
2751	37	2
2752	48	2
2753	32	1
2754	36	3
2755	39	2
2756	38	3
2757	49	1
2758	37	1
2759	47	2
2760	56	0
2761	36	0
2762	40	3
2763	36	4
2764	40	3
2765	42	2
2766	48	0
2767	40	3
2768	41	3
2769	48	1
2770	41	2
2771	41	1
2772	52	3
2773	34	3
2774	46	2
2775	42	2
2776	47	3
2777	42	1
2778	55	1
2779	41	1
2780	44	0
2781	46	3
2782	32	3
2783	40	1
2784	41	2
2785	37	4
2786	33	2
2787	41	0
2788	28	1
2789	44	2
2790	48	0
2791	42	1
2792	46	2
2793	44	1
2794	41	1
2795	34	2
2796	36	3
2797	36	2
2798	43	4
2799	40	2
2800	44	3
2801	37	2
2802	49	2
2803	40	1
2804	46	3
2805	38	2
2806	59	1
2807	39	1
2808	43	1
2809	39	1
2810	45	4
2811	39	0
2812	43	1
2813	38	1
2814	42	3
2815	43	2
2816	37	1
2817	56	1
2818	47	2
2819	40	2
2820	39	2
2821	39	1
2822	31	2
2823	47	2
2824	40	0
2825	41	0
2826	35	1
2827	42	4
2828	40	1
2829	33	2
2830	41	1
2831	40	0
2832	42	3
2833	39	0
2834	56	3
2835	37	4
2836	48	4
2837	39	1
2838	45	0
2839	37	2
2840	57	4
2841	40	1
2842	42	3
2843	49	3
2844	44	3
2845	49	1
2846	40	2
2847	31	3
2848	37	2
2849	46	1
2850	35	0
2851	34	1
2852	46	3
2853	45	2
2854	39	2
2855	32	1
2856	40	2
2857	39	3
2858	43	3
2859	39	4
2860	29	1
2861	41	1
2862	41	2
2863	32	1
2864	33	1
2865	37	0
2866	41	1
2867	41	3
2868	52	1
2869	46	3
2870	42	2
2871	44	1
2872	57	1
2873	36	1
2874	37	1
2875	41	1
2876	40	3
2877	44	1
2878	43	1
2879	42	1
2880	50	2
2881	43	1
2882	49	0
2883	48	2
2884	39	3
2885	44	1
2886	34	2
2887	36	1
2888	44	0
2889	43	2
2890	40	0
2891	26	1
2892	59	0
2893	44	1
2894	50	1
2895	35	3
2896	42	1
2897	45	0
2898	47	1
2899	34	2
2900	33	2
2901	43	2
2902	42	2
2903	46	0
2904	47	0
2905	48	2
2906	58	2
2907	43	2
2908	40	2
2909	45	3
2910	38	2
2911	49	0
2912	38	3
2913	62	2
2914	49	2
2915	43	1
2916	44	2
2917	38	1
2918	43	0
2919	40	4
2920	43	2
2921	38	2
2922	34	3
2923	51	1
2924	38	2
2925	33	2
2926	32	1
2927	42	3
2928	39	1
2929	35	1
2930	51	1
2931	41	1
2932	42	1
2933	44	1
2934	43	3
2935	51	3
2936	38	1
2937	32	2
2938	39	0
2939	49	1
2940	37	3
2941	47	0
2942	33	1
2943	44	1
2944	32	3
2945	51	1
2946	35	3
2947	42	1
2948	51	1
2949	43	4
2950	54	3
2951	40	2
2952	45	1
2953	48	2
2954	37	2
2955	38	1
2956	32	2
2957	43	1
2958	43	3
2959	55	0
2960	34	3
2961	40	2
2962	40	2
2963	43	3
2964	44	1
2965	42	2
2966	47	2
2967	60	2
2968	38	4
2969	47	1
2970	48	1
2971	42	1
2972	37	1
2973	36	1
2974	49	2
2975	52	1
2976	43	3
2977	45	0
2978	33	2
2979	35	1
2980	37	0
2981	45	2
2982	36	2
2983	47	2
2984	37	2
2985	50	2
2986	38	2
2987	31	3
2988	44	2
2989	56	0
2990	41	1
2991	59	2
2992	42	3
2993	41	3
2994	37	2
2995	46	2
2996	35	2
2997	39	1
2998	36	1
2999	40	3
3000	48	1
3001	42	2
3002	42	3
3003	47	3
3004	45	2
3005	45	3
3006	43	1
3007	45	2
3008	35	2
3009	45	1
3010	45	2
3011	41	1
3012	40	0
3013	38	1
3014	40	1
3015	50	2
3016	40	3
3017	51	3
3018	41	2
3019	48	3
3020	47	1
3021	42	2
3022	55	2
3023	40	2
3024	46	1
3025	34	2
3026	47	0
3027	36	2
3028	42	1
3029	41	1
3030	40	2
3031	38	3
3032	43	2
3033	45	0
3034	43	2
3035	44	1
3036	55	2
3037	44	1
3038	41	1
3039	39	1
3040	52	2
3041	44	0
3042	44	2
3043	48	1
3044	36	0
3045	39	0
3046	46	0
3047	44	1
3048	41	1
3049	43	2
3050	35	3
3051	34	1
3052	46	1
3053	58	4
3054	44	2
3055	41	2
3056	43	1
3057	40	1
3058	54	1
3059	34	2
3060	45	1
3061	53	0
3062	39	2
3063	46	1
3064	39	0
3065	36	2
3066	43	1
3067	46	1
3068	43	2
3069	40	3
3070	39	2
3071	42	2
3072	39	3
3073	36	3
3074	49	2
3075	46	1
3076	40	1
3077	46	0
3078	46	1
3079	40	0
3080	45	2
3081	44	2
3082	34	1
3083	38	1
3084	41	0
3085	43	2
3086	37	1
3087	41	1
3088	37	1
3089	47	2
3090	33	1
3091	43	4
3092	36	2
3093	41	3
3094	56	2
3095	47	1
3096	50	2
3097	37	1
3098	35	2
3099	50	2
3100	41	2
3101	41	3
3102	47	1
3103	46	1
3104	40	2
3105	45	1
3106	40	3
3107	40	3
3108	45	1
3109	43	1
3110	44	2
3111	43	1
3112	49	2
3113	30	2
3114	43	1
3115	42	3
3116	51	1
3117	22	2
3118	40	2
3119	38	3
3120	39	4
3121	44	2
3122	46	1
3123	52	2
3124	27	3
3125	32	2
3126	47	1
3127	50	2
3128	35	2
3129	34	1
3130	44	1
3131	41	2
3132	41	2
3133	32	0
3134	35	1
3135	46	0
3136	46	1
3137	32	1
3138	38	1
3139	46	2
3140	38	2
3141	40	3
3142	46	0
3143	47	0
3144	41	1
3145	49	4
3146	36	0
3147	46	3
3148	40	1
3149	53	2
3150	34	4
3151	39	1
3152	45	1
3153	55	2
3154	44	1
3155	35	1
3156	34	2
3157	42	4
3158	41	2
3159	39	0
3160	41	1
3161	31	3
3162	50	2
3163	39	0
3164	39	0
3165	47	2
3166	39	4
3167	44	2
3168	40	2
3169	36	3
3170	54	1
3171	28	1
3172	42	2
3173	48	1
3174	40	2
3175	45	0
3176	47	1
3177	47	2
3178	39	2
3179	38	2
3180	46	2
3181	39	5
3182	44	0
3183	37	3
3184	42	2
3185	48	0
3186	43	0
3187	49	4
3188	41	3
3189	51	2
3190	37	2
3191	45	1
3192	48	0
3193	47	2
3194	45	2
3195	39	2
3196	53	2
3197	40	2
3198	56	1
3199	47	2
3200	42	2
3201	41	4
3202	51	1
3203	38	1
3204	40	3
3205	39	0
3206	36	1
3207	39	1
3208	49	1
3209	38	3
3210	49	0
3211	39	2
3212	59	3
3213	34	1
3214	50	2
3215	44	3
3216	41	3
3217	50	0
3218	40	2
3219	48	3
3220	42	1
3221	31	2
3222	60	0
3223	38	3
3224	43	2
3225	30	2
3226	42	2
3227	38	3
3228	46	1
3229	38	1
3230	45	1
3231	33	2
3232	45	3
3233	36	0
3234	46	0
3235	43	2
3236	35	2
3237	36	2
3238	41	2
3239	42	1
3240	42	1
3241	49	2
3242	45	3
3243	53	2
3244	44	3
3245	46	2
3246	33	3
3247	34	1
3248	42	3
3249	41	0
3250	34	2
3251	47	2
3252	44	2
3253	42	4
3254	34	2
3255	40	3
3256	33	3
3257	35	4
3258	38	2
3259	43	1
3260	43	3
3261	42	2
3262	45	3
3263	41	1
3264	34	2
3265	46	2
3266	43	1
3267	47	2
3268	43	1
3269	49	1
3270	41	1
3271	37	0
3272	44	2
3273	45	1
3274	41	2
3275	38	4
3276	39	2
3277	39	1
3278	53	1
3279	36	0
3280	46	1
3281	46	1
3282	42	2
3283	33	2
3284	34	0
3285	45	3
3286	47	1
3287	41	6
3288	34	3
3289	52	1
3290	44	1
3291	40	2
3292	38	2
3293	40	1
3294	37	0
3295	35	2
3296	42	2
3297	45	2
3298	42	1
3299	43	2
3300	43	1
3301	39	1
3302	33	1
3303	37	1
3304	48	3
3305	36	2
3306	56	0
3307	52	2
3308	41	3
3309	54	2
3310	41	1
3311	43	3
3312	52	3
3313	33	1
3314	29	1
3315	43	2
3316	51	4
3317	43	2
3318	45	2
3319	48	1
3320	52	3
3321	41	2
3322	38	2
3323	42	0
3324	35	2
3325	44	2
3326	45	2
3327	42	1
3328	43	1
3329	42	2
3330	41	1
3331	50	2
3332	47	1
3333	37	2
3334	41	1
3335	45	0
3336	42	0
3337	39	4
3338	50	1
3339	41	2
3340	34	1
3341	33	3
3342	48	1
3343	40	3
3344	45	1
3345	36	2
3346	47	3
3347	43	3
3348	41	3
3349	44	4
3350	37	1
3351	45	1
3352	33	1
3353	41	1
3354	34	0
3355	46	2
3356	42	2
3357	43	2
3358	37	3
3359	51	3
3360	30	1
3361	39	2
3362	41	2
3363	46	3
3364	43	2
3365	45	3
3366	51	2
3367	36	2
3368	54	2
3369	42	3
3370	33	2
3371	52	1
3372	44	2
3373	42	2
3374	33	2
3375	54	1
3376	34	2
3377	32	0
3378	49	0
3379	31	2
3380	42	2
3381	41	2
3382	44	3
3383	39	2
3384	33	3
3385	33	1
3386	38	2
3387	55	2
3388	46	2
3389	33	1
3390	37	2
3391	36	0
3392	36	2
3393	39	3
3394	39	0
3395	36	1
3396	48	2
3397	37	1
3398	41	1
3399	43	2
3400	36	2
3401	30	2
3402	40	3
3403	33	1
3404	53	3
3405	47	1
3406	46	2
3407	40	1
3408	46	2
3409	52	1
3410	49	1
3411	33	3
3412	46	0
3413	43	1
3414	48	0
3415	41	0
3416	38	2
3417	40	3
3418	50	1
3419	40	1
3420	53	0
3421	40	3
3422	49	2
3423	40	1
3424	40	4
3425	41	3
3426	32	2
3427	52	0
3428	41	2
3429	42	4
3430	35	1
3431	45	1
3432	35	2
3433	37	3
3434	56	4
3435	38	1
3436	38	2
3437	54	2
3438	38	0
3439	45	2
3440	45	1
3441	41	3
3442	43	3
3443	51	1
3444	38	0
3445	35	1
3446	44	2
3447	50	4
3448	41	1
3449	46	1
3450	42	3
3451	43	1
3452	47	0
3453	41	3
3454	37	1
3455	41	1
3456	53	2
3457	38	1
3458	34	1
3459	39	2
3460	41	1
3461	43	1
3462	37	1
3463	37	1
3464	38	2
3465	47	3
3466	33	1
3467	47	2
3468	43	4
3469	40	1
3470	39	1
3471	44	2
3472	44	1
3473	28	0
3474	46	4
3475	44	1
3476	44	2
3477	48	2
3478	43	2
3479	39	2
3480	42	2
3481	50	1
3482	37	1
3483	37	1
3484	41	2
3485	48	2
3486	51	4
3487	33	3
3488	47	3
3489	44	2
3490	38	2
3491	32	2
3492	42	2
3493	43	2
3494	40	1
3495	39	3
3496	49	2
3497	38	2
3498	34	1
3499	38	1
3500	42	2
3501	41	3
3502	41	4
3503	42	3
3504	38	3
3505	38	1
3506	33	0
3507	40	2
3508	47	3
3509	50	0
3510	47	0
3511	43	0
3512	47	1
3513	38	0
3514	46	0
3515	43	3
3516	49	3
3517	39	0
3518	40	2
3519	48	5
3520	45	2
3521	57	2
3522	43	0
3523	43	2
3524	36	2
3525	37	0
3526	45	2
3527	40	2
3528	36	2
3529	42	1
3530	31	2
3531	48	2
3532	35	2
3533	48	2
3534	36	1
3535	52	0
3536	42	1
3537	37	0
3538	52	0
3539	47	3
3540	41	1
3541	41	4
3542	45	2
3543	41	3
3544	48	1
3545	37	4
3546	47	2
3547	50	0
3548	40	1
3549	41	2
3550	30	1
3551	42	3
3552	44	1
3553	34	0
3554	45	0
3555	52	1
3556	52	3
3557	33	2
3558	42	2
3559	46	0
3560	39	4
3561	58	2
3562	42	2
3563	56	2
3564	51	0
3565	44	1
3566	53	0
3567	40	1
3568	44	4
3569	43	0
3570	48	3
3571	51	2
3572	36	3
3573	46	3
3574	45	4
3575	37	2
3576	47	2
3577	40	2
3578	44	2
3579	45	0
3580	48	0
3581	44	2
3582	40	2
3583	39	3
3584	36	2
3585	36	2
3586	51	3
3587	42	2
3588	42	4
3589	36	1
3590	57	0
3591	37	0
3592	40	1
3593	45	1
3594	48	1
3595	50	2
3596	49	1
3597	35	2
3598	38	2
3599	45	1
3600	41	0
3601	38	2
3602	44	0
3603	42	2
3604	43	0
3605	35	1
3606	50	1
3607	36	1
3608	42	2
3609	40	2
3610	40	1
3611	44	4
3612	37	2
3613	38	2
3614	46	0
3615	45	0
3616	43	1
3617	38	2
3618	40	2
3619	39	2
3620	43	2
3621	40	3
3622	44	1
3623	50	2
3624	39	0
3625	41	1
3626	52	1
3627	40	3
3628	49	2
3629	43	1
3630	34	2
3631	46	3
3632	35	1
3633	47	2
3634	49	2
3635	42	1
3636	40	3
3637	31	1
3638	39	0
3639	40	1
3640	40	2
3641	49	4
3642	52	2
3643	57	1
3644	45	3
3645	41	0
3646	41	3
3647	36	2
3648	40	1
3649	45	0
3650	51	0
3651	49	1
3652	46	3
3653	47	2
3654	39	1
3655	46	2
3656	51	2
3657	42	3
3658	41	3
3659	49	3
3660	46	3
3661	41	2
3662	40	3
3663	39	2
3664	38	1
3665	44	1
3666	45	1
3667	28	3
3668	38	2
3669	43	2
3670	43	1
3671	43	2
3672	42	3
3673	45	1
3674	45	0
3675	43	1
3676	38	2
3677	32	1
3678	34	0
3679	46	2
3680	49	1
3681	34	2
3682	38	2
3683	37	1
3684	33	0
3685	45	2
3686	46	2
3687	38	0
3688	31	2
3689	42	2
3690	38	3
3691	38	3
3692	36	2
3693	40	1
3694	41	4
3695	55	2
3696	42	1
3697	41	1
3698	47	2
3699	43	1
3700	40	1
3701	48	0
3702	43	2
3703	43	2
3704	42	2
3705	31	3
3706	47	2
3707	42	2
3708	36	1
3709	39	3
3710	43	2
3711	41	3
3712	46	2
3713	36	2
3714	43	2
3715	45	1
3716	44	2
3717	31	3
3718	37	1
3719	43	0
3720	35	3
3721	47	4
3722	48	3
3723	36	0
3724	46	3
3725	38	2
3726	43	1
3727	35	1
3728	41	3
3729	53	0
3730	39	1
3731	42	0
3732	57	2
3733	46	1
3734	33	1
3735	40	2
3736	40	3
3737	52	0
3738	45	0
3739	44	0
3740	37	1
3741	49	2
3742	47	2
3743	48	2
3744	36	4
3745	54	2
3746	34	3
3747	45	1
3748	40	2
3749	43	2
3750	37	0
3751	48	2
3752	54	2
3753	39	2
3754	42	2
3755	40	4
3756	47	1
3757	44	2
3758	37	3
3759	42	2
3760	40	2
3761	34	1
3762	48	3
3763	50	4
3764	50	0
3765	51	2
3766	41	2
3767	48	2
3768	38	0
3769	42	2
3770	45	2
3771	44	3
3772	48	0
3773	50	2
3774	42	0
3775	36	3
3776	44	0
3777	41	4
3778	45	2
3779	49	0
3780	34	1
3781	44	0
3782	40	2
3783	43	0
3784	36	2
3785	37	2
3786	43	3
3787	32	3
3788	44	3
3789	49	1
3790	35	1
3791	46	1
3792	44	2
3793	49	4
3794	42	3
3795	50	3
3796	41	1
3797	46	1
3798	44	1
3799	35	2
3800	41	2
3801	43	2
3802	48	3
3803	49	1
3804	51	0
3805	35	1
3806	43	0
3807	57	2
3808	43	3
3809	37	0
3810	35	4
3811	44	1
3812	41	4
3813	41	1
3814	36	1
3815	44	3
3816	37	3
3817	38	1
3818	39	0
3819	53	2
3820	42	2
3821	40	1
3822	31	0
3823	43	1
3824	33	1
3825	38	3
3826	43	2
3827	48	3
3828	38	2
3829	48	0
3830	42	2
3831	46	2
3832	32	2
3833	42	2
3834	49	2
3835	40	2
3836	46	3
3837	41	0
3838	44	1
3839	40	3
3840	48	1
3841	34	0
3842	40	3
3843	36	2
3844	40	1
3845	44	2
3846	38	0
3847	39	1
3848	45	3
3849	34	3
3850	41	2
3851	36	2
3852	47	1
3853	42	2
3854	37	0
3855	48	3
3856	46	1
3857	40	2
3858	36	2
3859	39	3
3860	47	2
3861	36	1
3862	34	3
3863	40	0
3864	34	2
3865	35	1
3866	45	1
3867	46	2
3868	40	1
3869	37	0
3870	49	1
3871	33	2
3872	39	0
3873	50	2
3874	48	2
3875	34	2
3876	38	1
3877	38	3
3878	49	2
3879	46	1
3880	36	0
3881	50	2
3882	40	1
3883	33	1
3884	46	1
3885	37	2
3886	51	2
3887	42	2
3888	45	1
3889	39	2
3890	56	0
3891	39	1
3892	52	2
3893	35	1
3894	45	1
3895	42	1
3896	38	3
3897	39	1
3898	34	1
3899	38	2
3900	44	1
3901	53	1
3902	38	3
3903	39	1
3904	49	1
3905	53	1
3906	41	2
3907	41	2
3908	44	1
3909	41	1
3910	34	1
3911	53	3
3912	41	3
3913	33	2
3914	38	2
3915	40	2
3916	33	1
3917	40	1
3918	38	1
3919	33	2
3920	49	0
3921	44	1
3922	39	3
3923	42	2
3924	38	2
3925	56	3
3926	47	2
3927	43	3
3928	32	2
3929	47	2
3930	45	1
3931	45	1
3932	61	2
3933	41	0
3934	46	2
3935	54	1
3936	45	0
3937	47	1
3938	34	2
3939	42	2
3940	41	2
3941	46	3
3942	40	1
3943	36	3
3944	37	2
3945	39	1
3946	45	3
3947	41	1
3948	42	0
3949	41	3
3950	40	2
3951	43	1
3952	42	1
3953	39	1
3954	31	1
3955	44	0
3956	44	2
3957	42	0
3958	43	1
3959	49	1
3960	33	1
3961	38	1
3962	42	0
3963	44	1
3964	44	3
3965	38	1
3966	55	2
3967	43	0
3968	46	0
3969	47	1
3970	53	3
3971	31	1
3972	49	3
3973	38	0
3974	34	2
3975	56	2
3976	44	3
3977	38	3
3978	46	0
3979	40	2
3980	36	2
3981	50	2
3982	34	3
3983	42	1
3984	47	2
3985	49	1
3986	43	1
3987	39	3
3988	39	3
3989	50	1
3990	32	1
3991	42	3
3992	43	0
3993	45	1
3994	31	2
3995	39	1
3996	31	0
3997	30	1
3998	39	2
3999	33	1
4000	37	3
4001	44	4
4002	46	2
4003	47	2
4004	40	2
4005	44	3
4006	45	3
4007	46	2
4008	41	3
4009	58	2
4010	52	3
4011	37	2
4012	38	2
4013	45	1
4014	39	3
4015	38	2
4016	40	1
4017	39	0
4018	33	1
4019	47	4
4020	38	2
4021	45	1
4022	46	1
4023	41	2
4024	40	3
4025	26	2
4026	47	1
4027	41	2
4028	54	1
4029	48	3
4030	41	3
4031	37	1
4032	35	2
4033	40	1
4034	55	2
4035	37	1
4036	40	4
4037	43	2
4038	40	3
4039	50	2
4040	40	0
4041	44	0
4042	44	4
4043	27	2
4044	49	4
4045	52	1
4046	48	2
4047	49	1
4048	32	2
4049	47	2
4050	42	2
4051	37	2
4052	44	2
4053	42	1
4054	33	1
4055	51	2
4056	56	2
4057	53	2
4058	47	3
4059	48	2
4060	41	2
4061	42	4
4062	41	3
4063	37	2
4064	36	3
4065	45	2
4066	52	2
4067	37	3
4068	52	2
4069	52	1
4070	39	2
4071	36	0
4072	46	1
4073	50	1
4074	48	3
4075	37	0
4076	39	1
4077	39	2
4078	34	1
4079	43	2
4080	38	2
4081	41	1
4082	35	3
4083	40	0
4084	51	2
4085	40	2
4086	46	2
4087	34	1
4088	40	4
4089	41	1
4090	35	1
4091	38	4
4092	48	2
4093	34	1
4094	40	3
4095	45	1
4096	37	1
4097	40	1
4098	61	1
4099	51	2
4100	45	0
4101	43	1
4102	55	0
4103	54	1
4104	31	2
4105	40	0
4106	46	3
4107	31	2
4108	35	2
4109	46	2
4110	37	1
4111	32	1
4112	52	2
4113	32	2
4114	43	1
4115	34	2
4116	43	1
4117	39	1
4118	36	1
4119	37	3
4120	52	0
4121	37	2
4122	37	3
4123	44	1
4124	55	1
4125	35	3
4126	44	3
4127	47	3
4128	38	2
4129	44	2
4130	29	1
4131	48	3
4132	49	3
4133	48	3
4134	43	1
4135	39	2
4136	34	1
4137	44	1
4138	40	2
4139	43	2
4140	55	2
4141	53	2
4142	39	2
4143	56	1
4144	36	2
4145	42	2
4146	47	2
4147	39	0
4148	42	0
4149	43	1
4150	35	2
4151	45	0
4152	45	2
4153	41	4
4154	43	4
4155	38	2
4156	42	1
4157	51	2
4158	39	1
4159	47	2
4160	47	3
4161	39	1
4162	35	1
4163	39	2
4164	44	1
4165	42	2
4166	50	4
4167	36	2
4168	37	1
4169	45	1
4170	45	1
4171	48	2
4172	43	0
4173	38	0
4174	26	2
4175	50	1
4176	39	0
4177	43	0
4178	45	1
4179	52	2
4180	52	3
4181	37	1
4182	43	3
4183	49	1
4184	44	3
4185	51	2
4186	38	2
4187	43	3
4188	42	3
4189	36	2
4190	42	2
4191	46	1
4192	42	2
4193	48	2
4194	45	1
4195	44	1
4196	53	0
4197	46	2
4198	47	2
4199	45	2
4200	40	3
4201	41	3
4202	34	1
4203	42	2
4204	42	0
4205	43	0
4206	30	1
4207	42	2
4208	41	1
4209	46	0
4210	33	2
4211	52	2
4212	38	2
4213	41	3
4214	42	1
4215	44	2
4216	46	1
4217	38	2
4218	48	1
4219	44	1
4220	30	2
4221	52	1
4222	53	3
4223	43	4
4224	57	1
4225	44	1
4226	42	3
4227	49	2
4228	39	1
4229	38	3
4230	50	4
4231	39	1
4232	41	3
4233	33	2
4234	34	1
4235	36	2
4236	50	1
4237	44	2
4238	49	0
4239	47	2
4240	44	2
4241	43	3
4242	36	3
4243	31	1
4244	40	2
4245	42	1
4246	36	2
4247	35	4
4248	36	5
4249	45	1
4250	40	3
4251	33	1
4252	38	3
4253	36	1
4254	34	2
4255	41	2
4256	31	3
4257	42	1
4258	29	0
4259	46	2
4260	55	2
4261	37	2
4262	43	1
4263	45	1
4264	34	1
4265	56	2
4266	50	1
4267	44	0
4268	46	2
4269	37	1
4270	43	1
4271	39	2
4272	51	1
4273	36	3
4274	39	2
4275	43	1
4276	40	4
4277	36	1
4278	44	1
4279	41	1
4280	41	4
4281	46	1
4282	38	2
4283	37	2
4284	34	0
4285	43	3
4286	36	0
4287	39	3
4288	54	2
4289	42	2
4290	38	3
4291	46	0
4292	56	4
4293	42	2
4294	54	3
4295	50	3
4296	49	3
4297	42	2
4298	48	0
4299	51	0
4300	36	2
4301	37	2
4302	31	1
4303	46	1
4304	35	0
4305	36	1
4306	47	0
4307	43	2
4308	33	1
4309	39	1
4310	46	1
4311	31	0
4312	43	4
4313	36	1
4314	38	2
4315	39	2
4316	40	4
4317	41	2
4318	41	1
4319	45	3
4320	36	2
4321	54	2
4322	40	2
4323	53	2
4324	52	3
4325	44	1
4326	46	1
4327	43	2
4328	42	2
4329	50	1
4330	36	4
4331	55	3
4332	39	3
4333	43	1
4334	43	2
4335	37	1
4336	52	0
4337	45	0
4338	37	3
4339	45	1
4340	45	0
4341	47	1
4342	27	2
4343	37	3
4344	50	2
4345	38	2
4346	42	2
4347	47	1
4348	47	2
4349	30	1
4350	40	3
4351	32	2
4352	31	2
4353	31	1
4354	53	2
4355	35	2
4356	46	1
4357	45	1
4358	30	2
4359	45	1
4360	46	3
4361	40	2
4362	35	3
4363	42	1
4364	53	1
4365	42	1
4366	44	1
4367	44	0
4368	37	1
4369	40	2
4370	43	2
4371	34	2
4372	45	2
4373	44	2
4374	34	3
4375	35	4
4376	36	3
4377	56	4
4378	45	1
4379	36	4
4380	35	2
4381	36	3
4382	45	2
4383	47	0
4384	44	5
4385	33	2
4386	46	1
4387	53	3
4388	57	1
4389	33	2
4390	38	3
4391	44	1
4392	40	1
4393	48	3
4394	43	1
4395	36	1
4396	45	1
4397	39	2
4398	42	2
4399	53	1
4400	48	1
4401	43	2
4402	45	1
4403	38	1
4404	43	0
4405	48	0
4406	49	1
4407	40	0
4408	35	3
4409	41	2
4410	45	1
4411	38	0
4412	36	3
4413	38	2
4414	48	4
4415	38	2
4416	44	2
4417	42	2
4418	40	1
4419	48	4
4420	39	1
4421	48	2
4422	36	1
4423	37	2
4424	43	0
4425	44	1
4426	47	3
4427	42	2
4428	42	2
4429	55	1
4430	43	2
4431	48	2
4432	38	1
4433	52	1
4434	44	3
4435	54	1
4436	44	1
4437	49	1
4438	43	1
4439	45	2
4440	46	2
4441	50	3
4442	42	1
4443	43	0
4444	39	3
4445	38	1
4446	46	2
4447	38	3
4448	42	0
4449	44	3
4450	44	3
4451	41	1
4452	38	2
4453	47	1
4454	50	0
4455	39	2
4456	40	0
4457	43	3
4458	29	2
4459	42	2
4460	45	2
4461	56	1
4462	53	3
4463	42	0
4464	38	1
4465	46	2
4466	45	2
4467	39	3
4468	44	2
4469	45	3
4470	45	0
4471	44	2
4472	32	3
4473	38	1
4474	50	1
4475	45	3
4476	47	0
4477	42	2
4478	37	4
4479	47	7
4480	45	1
4481	33	0
4482	45	0
4483	40	1
4484	54	2
4485	42	0
4486	48	3
4487	46	0
4488	39	2
4489	59	4
4490	34	0
4491	44	2
4492	53	2
4493	38	0
4494	45	1
4495	43	3
4496	44	4
4497	39	2
4498	47	3
4499	38	1
4500	41	2
4501	27	3
4502	48	1
4503	40	1
4504	40	1
4505	42	1
4506	45	2
4507	46	2
4508	44	0
4509	43	1
4510	48	1
4511	50	1
4512	50	4
4513	43	3
4514	44	0
4515	47	0
4516	48	1
4517	45	3
4518	39	2
4519	49	2
4520	49	2
4521	29	2
4522	36	3
4523	36	3
4524	43	1
4525	39	2
4526	38	4
4527	58	0
4528	42	2
4529	52	2
4530	61	2
4531	44	2
4532	48	4
4533	43	3
4534	44	4
4535	42	0
4536	40	2
4537	46	2
4538	31	1
4539	48	1
4540	37	1
4541	31	2
4542	35	2
4543	41	1
4544	47	3
4545	31	2
4546	36	3
4547	52	1
4548	50	0
4549	44	1
4550	49	1
4551	54	2
4552	47	2
4553	42	3
4554	34	2
4555	38	1
4556	32	2
4557	37	3
4558	50	1
4559	38	2
4560	51	2
4561	45	0
4562	46	4
4563	41	0
4564	45	1
4565	37	3
4566	44	1
4567	48	1
4568	44	3
4569	47	0
4570	42	3
4571	39	0
4572	41	1
4573	40	2
4574	39	2
4575	39	1
4576	37	2
4577	37	0
4578	44	1
4579	38	1
4580	44	1
4581	45	3
4582	46	1
4583	37	2
4584	43	1
4585	43	1
4586	42	2
4587	36	3
4588	34	3
4589	42	2
4590	49	3
4591	41	2
4592	38	3
4593	44	1
4594	53	1
4595	49	2
4596	40	4
4597	33	2
4598	39	2
4599	37	2
4600	49	2
4601	51	0
4602	45	2
4603	45	2
4604	50	2
4605	35	0
4606	49	1
4607	43	2
4608	51	1
4609	45	1
4610	46	1
4611	40	2
4612	50	2
4613	38	1
4614	41	2
4615	42	1
4616	35	0
4617	32	2
4618	53	0
4619	49	1
4620	46	2
4621	43	0
4622	45	1
4623	41	2
4624	56	0
4625	50	2
4626	50	2
4627	55	1
4628	39	2
4629	40	2
4630	53	2
4631	42	4
4632	40	3
4633	39	3
4634	34	1
4635	39	1
4636	41	2
4637	29	1
4638	39	2
4639	41	3
4640	47	2
4641	34	0
4642	31	3
4643	45	4
4644	42	1
4645	42	0
4646	47	1
4647	46	4
4648	53	2
4649	42	2
4650	47	2
4651	39	1
4652	39	2
4653	41	0
4654	37	2
4655	44	3
4656	41	2
4657	49	2
4658	30	0
4659	48	1
4660	39	1
4661	41	0
4662	27	2
4663	40	2
4664	41	3
4665	41	4
4666	31	1
4667	45	1
4668	37	0
4669	39	2
4670	42	2
4671	36	1
4672	55	3
4673	38	2
4674	29	2
4675	40	1
4676	43	2
4677	52	2
4678	40	3
4679	34	2
4680	35	3
4681	36	1
4682	42	3
4683	61	2
4684	51	0
4685	31	3
4686	42	4
4687	52	1
4688	57	1
4689	41	3
4690	42	3
4691	44	1
4692	42	1
4693	48	3
4694	43	1
4695	48	1
4696	34	2
4697	52	0
4698	40	0
4699	44	2
4700	48	0
4701	47	2
4702	36	4
4703	44	1
4704	47	1
4705	42	2
4706	40	2
4707	56	2
4708	41	0
4709	44	3
4710	44	2
4711	53	3
4712	36	2
4713	43	2
4714	43	3
4715	36	1
4716	46	1
4717	41	1
4718	34	1
4719	38	2
4720	47	3
4721	30	0
4722	40	2
4723	40	0
4724	40	3
4725	34	3
4726	42	0
4727	42	2
4728	47	3
4729	40	1
4730	40	2
4731	36	2
4732	43	2
4733	45	2
4734	38	2
4735	44	2
4736	47	1
4737	36	0
4738	45	2
4739	42	0
4740	51	0
4741	47	2
4742	36	1
4743	57	3
4744	37	1
4745	46	0
4746	44	1
4747	43	0
4748	42	3
4749	40	1
4750	42	3
4751	47	1
4752	38	1
4753	37	2
4754	52	1
4755	37	1
4756	47	3
4757	44	2
4758	38	1
4759	45	3
4760	50	2
4761	31	0
4762	39	2
4763	51	1
4764	44	2
4765	40	2
4766	34	1
4767	39	2
4768	51	2
4769	36	1
4770	44	2
4771	39	0
4772	48	3
4773	39	3
4774	45	2
4775	33	0
4776	44	3
4777	44	3
4778	46	3
4779	42	2
4780	53	2
4781	39	2
4782	44	2
4783	48	1
4784	32	1
4785	47	3
4786	54	3
4787	50	0
4788	39	0
4789	38	1
4790	32	1
4791	43	1
4792	55	4
4793	46	1
4794	47	1
4795	44	1
4796	45	1
4797	42	3
4798	41	1
4799	44	1
4800	47	2
4801	41	1
4802	42	2
4803	28	4
4804	38	3
4805	40	0
4806	40	2
4807	45	3
4808	48	1
4809	45	0
4810	34	1
4811	29	0
4812	61	2
4813	48	4
4814	41	1
4815	46	2
4816	45	0
4817	36	3
4818	41	2
4819	47	0
4820	45	1
4821	46	1
4822	52	3
4823	38	2
4824	58	2
4825	45	1
4826	44	0
4827	42	1
4828	38	1
4829	44	1
4830	44	3
4831	43	3
4832	42	1
4833	43	1
4834	33	2
4835	41	1
4836	41	2
4837	45	2
4838	45	1
4839	38	0
4840	45	3
4841	34	3
4842	46	2
4843	44	2
4844	40	1
4845	45	1
4846	50	0
4847	35	1
4848	35	0
4849	48	1
4850	33	3
4851	36	1
4852	48	2
4853	54	2
4854	38	3
4855	43	2
4856	39	2
4857	37	1
4858	44	1
4859	45	1
4860	36	5
4861	45	0
4862	47	4
4863	47	2
4864	40	2
4865	48	2
4866	46	1
4867	39	1
4868	39	1
4869	34	1
4870	55	2
4871	46	3
4872	43	2
4873	36	2
4874	38	0
4875	41	3
4876	43	2
4877	44	0
4878	42	2
4879	27	3
4880	36	1
4881	41	2
4882	47	1
4883	49	1
4884	42	2
4885	34	0
4886	39	2
4887	49	1
4888	41	0
4889	39	0
4890	43	2
4891	50	1
4892	47	2
4893	39	2
4894	47	2
4895	49	4
4896	38	2
4897	43	3
4898	44	2
4899	50	2
4900	55	3
4901	44	1
4902	39	2
4903	37	4
4904	46	2
4905	38	0
4906	40	2
4907	34	3
4908	41	1
4909	49	0
4910	36	2
4911	45	3
4912	45	0
4913	33	2
4914	44	1
4915	54	2
4916	52	1
4917	41	0
4918	45	1
4919	36	0
4920	49	0
4921	32	0
4922	49	0
4923	51	1
4924	43	1
4925	46	3
4926	45	3
4927	40	3
4928	45	2
4929	46	1
4930	37	1
4931	41	0
4932	41	3
4933	47	2
4934	41	1
4935	47	3
4936	43	2
4937	44	2
4938	43	3
4939	45	1
4940	38	0
4941	40	3
4942	40	1
4943	47	3
4944	40	2
4945	42	2
4946	40	2
4947	43	2
4948	42	3
4949	41	2
4950	41	1
4951	50	3
4952	41	2
4953	44	2
4954	41	3
4955	39	0
4956	41	1
4957	39	3
4958	48	2
4959	57	1
4960	43	3
4961	46	1
4962	37	1
4963	47	0
4964	42	1
4965	40	2
4966	48	0
4967	39	2
4968	44	1
4969	34	0
4970	41	3
4971	54	2
4972	44	3
4973	32	0
4974	40	3
4975	40	1
4976	36	3
4977	50	2
4978	49	4
4979	42	2
4980	33	1
4981	39	4
4982	47	1
4983	50	1
4984	44	1
4985	42	2
4986	48	2
4987	38	1
4988	43	2
4989	55	2
4990	48	3
4991	48	1
4992	47	1
4993	41	0
4994	40	1
4995	41	1
4996	35	2
4997	34	2
4998	37	2
4999	36	4
5000	42	4
5001	47	1
5002	49	0
5003	50	2
5004	41	2
5005	40	3
5006	37	5
5007	44	2
5008	45	2
5009	43	1
5010	49	2
5011	34	1
5012	46	2
5013	45	4
5014	48	3
5015	40	3
5016	51	3
5017	43	2
5018	37	0
5019	39	1
5020	42	0
5021	31	3
5022	53	2
5023	42	2
5024	34	1
5025	34	4
5026	42	1
5027	46	3
5028	44	0
5029	33	0
5030	48	3
5031	50	2
5032	47	2
5033	36	1
5034	46	2
5035	45	1
5036	43	2
5037	42	2
5038	36	2
5039	41	1
5040	40	0
5041	43	1
5042	48	3
5043	47	3
5044	48	1
5045	55	2
5046	46	1
5047	40	0
5048	43	1
5049	38	1
5050	33	3
5051	45	1
5052	41	2
5053	50	0
5054	44	3
5055	35	2
5056	39	1
5057	47	1
5058	48	1
5059	49	0
5060	43	1
5061	42	1
5062	41	1
5063	38	1
5064	43	2
5065	49	1
5066	49	2
5067	42	2
5068	44	4
5069	45	2
5070	43	0
5071	30	1
5072	39	2
5073	52	1
5074	52	2
5075	32	3
5076	49	2
5077	37	5
5078	32	1
5079	48	2
5080	45	2
5081	49	1
5082	39	1
5083	52	2
5084	49	1
5085	48	1
5086	34	1
5087	48	0
5088	38	0
5089	53	1
5090	50	2
5091	48	2
5092	31	1
5093	47	2
5094	36	2
5095	35	2
5096	43	2
5097	49	0
5098	44	2
5099	38	1
5100	50	3
5101	32	1
5102	45	2
5103	51	1
5104	46	3
5105	44	1
5106	33	3
5107	47	1
5108	39	2
5109	30	1
5110	40	0
5111	42	3
5112	41	3
5113	40	2
5114	42	2
5115	32	2
5116	50	1
5117	32	1
5118	45	2
5119	53	4
5120	30	1
5121	52	3
5122	50	1
5123	52	1
5124	46	2
5125	35	1
5126	41	1
5127	38	2
5128	44	1
5129	38	1
5130	41	2
5131	42	3
5132	41	2
5133	48	2
5134	44	4
5135	38	3
5136	40	0
5137	43	1
5138	46	1
5139	53	1
5140	33	0
5141	32	0
5142	63	1
5143	40	4
5144	36	2
5145	50	3
5146	44	2
5147	44	1
5148	48	3
5149	43	2
5150	39	1
5151	46	2
5152	42	1
5153	39	1
5154	41	1
5155	40	1
5156	46	2
5157	39	2
5158	27	3
5159	49	1
5160	37	3
5161	41	2
5162	43	1
5163	41	2
5164	42	1
5165	40	4
5166	40	4
5167	37	2
5168	54	2
5169	40	1
5170	41	1
5171	39	2
5172	37	2
5173	38	0
5174	38	2
5175	47	2
5176	53	0
5177	33	1
5178	44	2
5179	47	1
5180	39	0
5181	39	1
5182	43	1
5183	40	2
5184	35	2
5185	38	2
5186	35	1
5187	33	3
5188	44	3
5189	41	2
5190	57	2
5191	41	2
5192	39	2
5193	41	2
5194	39	1
5195	39	4
5196	48	1
5197	43	2
5198	44	3
5199	47	2
5200	39	3
5201	41	1
5202	43	2
5203	49	2
5204	38	3
5205	48	2
5206	38	2
5207	48	1
5208	49	3
5209	43	2
5210	46	3
5211	43	4
5212	43	0
5213	42	2
5214	48	2
5215	36	3
5216	42	2
5217	38	2
5218	42	2
5219	51	0
5220	29	3
5221	46	3
5222	51	2
5223	39	3
5224	37	2
5225	52	1
5226	42	2
5227	34	1
5228	39	1
5229	44	4
5230	36	2
5231	60	0
5232	45	3
5233	41	0
5234	43	2
5235	36	3
5236	31	2
5237	41	1
5238	52	3
5239	42	3
5240	40	3
5241	52	4
5242	34	4
5243	49	3
5244	59	2
5245	43	3
5246	47	2
5247	43	2
5248	47	2
5249	38	2
5250	40	1
5251	46	2
5252	44	1
5253	44	1
5254	44	2
5255	42	1
5256	44	2
5257	47	1
5258	30	1
5259	47	2
5260	47	3
5261	40	2
5262	43	2
5263	53	1
5264	47	1
5265	30	3
5266	39	2
5267	45	1
5268	47	3
5269	34	1
5270	48	4
5271	40	2
5272	41	2
5273	40	3
5274	48	0
5275	37	2
5276	44	2
5277	35	2
5278	43	2
5279	28	1
5280	39	3
5281	46	1
5282	36	2
5283	35	2
5284	45	3
5285	34	3
5286	54	1
5287	34	2
5288	42	1
5289	41	1
5290	39	2
5291	39	1
5292	45	0
5293	40	1
5294	33	2
5295	59	0
5296	38	2
5297	45	2
5298	41	2
5299	40	1
5300	30	1
5301	32	3
5302	47	2
5303	35	1
5304	35	0
5305	43	1
5306	41	1
5307	48	0
5308	53	2
5309	53	3
5310	41	0
5311	46	2
5312	41	0
5313	49	2
5314	46	2
5315	43	1
5316	37	1
5317	51	0
5318	44	2
5319	33	0
5320	55	1
5321	47	2
5322	39	3
5323	45	3
5324	31	1
5325	46	2
5326	38	3
5327	47	2
5328	49	3
5329	46	1
5330	57	2
5331	40	3
5332	39	2
5333	42	2
5334	43	1
5335	28	3
5336	45	0
5337	49	1
5338	40	1
5339	49	1
5340	42	5
5341	36	2
5342	40	3
5343	48	2
5344	46	0
5345	34	2
5346	51	1
5347	52	1
5348	44	0
5349	45	1
5350	40	1
5351	38	1
5352	40	3
5353	41	2
5354	53	4
5355	44	2
5356	40	1
5357	44	3
5358	48	2
5359	50	1
5360	44	2
5361	38	2
5362	51	1
5363	51	2
5364	42	2
5365	31	2
5366	47	0
5367	37	1
5368	44	2
5369	49	2
5370	41	2
5371	40	1
5372	36	1
5373	32	0
5374	47	2
5375	53	2
5376	47	2
5377	43	1
5378	42	2
5379	42	1
5380	46	0
5381	40	0
5382	45	2
5383	40	2
5384	36	0
5385	36	1
5386	63	1
5387	29	2
5388	38	2
5389	46	2
5390	47	0
5391	41	3
5392	45	2
5393	39	0
5394	39	4
5395	48	1
5396	41	1
5397	37	1
5398	45	2
5399	39	1
5400	49	3
5401	44	2
5402	38	1
5403	44	1
5404	47	2
5405	44	2
5406	51	1
5407	42	2
5408	41	2
5409	48	0
5410	36	0
5411	56	2
5412	50	4
5413	35	2
5414	49	2
5415	31	3
5416	40	3
5417	33	1
5418	41	3
5419	33	0
5420	51	2
5421	38	1
5422	47	3
5423	53	2
5424	45	1
5425	33	0
5426	50	1
5427	34	2
5428	42	1
5429	36	2
5430	42	1
5431	46	2
5432	45	0
5433	33	2
5434	52	1
5435	43	3
5436	40	3
5437	41	2
5438	46	1
5439	46	3
5440	43	1
5441	49	1
5442	40	1
5443	39	3
5444	42	2
5445	33	1
5446	44	0
5447	41	1
5448	49	1
5449	40	1
5450	43	1
5451	50	3
5452	38	2
5453	45	3
5454	49	2
5455	29	1
5456	43	0
5457	34	3
5458	42	3
5459	49	1
5460	41	3
5461	34	1
5462	46	2
5463	48	1
5464	40	1
5465	40	3
5466	40	1
5467	44	3
5468	37	1
5469	34	2
5470	41	1
5471	44	2
5472	39	2
5473	42	3
5474	43	3
5475	37	2
5476	44	0
5477	42	2
5478	47	1
5479	38	1
5480	46	0
5481	34	1
5482	50	2
5483	41	3
5484	41	3
5485	54	1
5486	59	1
5487	41	1
5488	61	1
5489	41	0
5490	39	1
5491	43	4
5492	46	0
5493	36	2
5494	41	2
5495	45	2
5496	49	2
5497	42	1
5498	48	3
5499	51	2
5500	33	1
5501	33	2
5502	39	1
5503	46	2
5504	48	1
5505	54	2
5506	42	4
5507	38	4
5508	50	1
5509	47	2
5510	45	2
5511	39	2
5512	41	1
5513	49	4
5514	44	2
5515	41	2
5516	43	1
5517	50	3
5518	40	2
5519	31	0
5520	47	1
5521	37	3
5522	41	1
5523	42	3
5524	32	1
5525	43	2
5526	44	2
5527	39	0
5528	40	2
5529	37	1
5530	41	3
5531	48	2
5532	40	3
5533	41	3
5534	46	2
5535	45	2
5536	41	3
5537	46	3
5538	47	3
5539	50	0
5540	51	2
5541	48	3
5542	52	3
5543	48	4
5544	33	3
5545	40	1
5546	53	3
5547	30	1
5548	44	1
5549	36	0
5550	47	3
5551	47	1
5552	37	1
5553	44	0
5554	37	1
5555	38	1
5556	54	4
5557	40	1
5558	42	2
5559	53	1
5560	43	4
5561	35	3
5562	36	2
5563	46	3
5564	47	1
5565	46	3
5566	46	0
5567	49	3
5568	44	1
5569	38	3
5570	38	2
5571	36	1
5572	52	0
5573	41	2
5574	48	2
5575	37	1
5576	38	1
5577	36	2
5578	49	3
5579	40	0
5580	36	3
5581	41	2
5582	45	2
5583	39	2
5584	39	2
5585	35	2
5586	48	2
5587	39	0
5588	45	2
5589	46	1
5590	42	1
5591	45	1
5592	49	0
5593	53	2
5594	45	3
5595	42	0
5596	35	1
5597	41	2
5598	33	2
5599	42	1
5600	49	1
5601	41	2
5602	38	2
5603	45	2
5604	40	3
5605	44	1
5606	39	1
5607	39	0
5608	37	2
5609	48	3
5610	41	2
5611	54	3
5612	38	2
5613	37	3
5614	41	4
5615	33	1
5616	32	1
5617	37	0
5618	57	2
5619	36	0
5620	43	3
5621	45	2
5622	48	3
5623	44	2
5624	43	2
5625	50	2
5626	39	2
5627	46	2
5628	34	1
5629	48	2
5630	48	2
5631	32	3
5632	42	1
5633	43	2
5634	43	1
5635	47	1
5636	37	2
5637	37	1
5638	46	2
5639	36	2
5640	45	2
5641	39	2
5642	41	2
5643	42	3
5644	41	2
5645	47	3
5646	48	2
5647	41	3
5648	41	0
5649	41	2
5650	49	2
5651	45	2
5652	42	2
5653	40	3
5654	39	2
5655	42	0
5656	39	1
5657	39	3
5658	51	2
5659	37	3
5660	39	0
5661	44	2
5662	34	4
5663	34	2
5664	44	0
5665	48	0
5666	41	2
5667	38	1
5668	49	3
5669	46	3
5670	46	2
5671	52	1
5672	38	2
5673	39	4
5674	36	3
5675	42	2
5676	50	2
5677	49	2
5678	46	2
5679	35	3
5680	37	0
5681	38	2
5682	38	3
5683	38	4
5684	41	1
5685	37	2
5686	38	0
5687	40	4
5688	43	2
5689	43	2
5690	42	2
5691	54	2
5692	51	3
5693	43	1
5694	48	0
5695	34	2
5696	38	1
5697	46	2
5698	44	2
5699	33	1
5700	40	2
5701	45	1
5702	45	1
5703	29	2
5704	37	1
5705	44	2
5706	40	2
5707	43	2
5708	30	1
5709	37	1
5710	49	1
5711	44	4
5712	37	2
5713	49	2
5714	42	3
5715	44	2
5716	39	1
5717	44	0
5718	29	1
5719	40	1
5720	48	3
5721	28	0
5722	35	2
5723	52	1
5724	49	2
5725	33	2
5726	49	4
5727	38	2
5728	49	1
5729	48	3
5730	29	0
5731	50	0
5732	47	1
5733	55	2
5734	47	2
5735	33	3
5736	44	1
5737	45	1
5738	43	2
5739	34	1
5740	47	1
5741	38	3
5742	39	0
5743	54	3
5744	40	3
5745	44	2
5746	48	3
5747	41	1
5748	37	4
5749	48	2
5750	37	3
5751	34	1
5752	42	2
5753	42	1
5754	30	1
5755	40	2
5756	49	1
5757	56	3
5758	34	3
5759	46	3
5760	47	2
5761	40	1
5762	47	0
5763	44	2
5764	39	1
5765	41	2
5766	38	3
5767	44	1
5768	50	1
5769	56	1
5770	44	1
5771	42	1
5772	52	3
5773	39	1
5774	37	3
5775	50	2
5776	42	1
5777	39	1
5778	41	2
5779	47	1
5780	46	2
5781	36	1
5782	46	2
5783	44	1
5784	35	2
5785	43	2
5786	66	1
5787	41	0
5788	46	1
5789	43	3
5790	43	4
5791	46	1
5792	41	3
5793	48	1
5794	34	1
5795	41	1
5796	44	2
5797	38	4
5798	33	1
5799	39	0
5800	45	0
5801	53	1
5802	41	1
5803	48	2
5804	51	3
5805	46	1
5806	48	1
5807	41	0
5808	42	1
5809	47	2
5810	42	2
5811	40	1
5812	34	0
5813	49	2
5814	42	0
5815	45	2
5816	51	2
5817	39	1
5818	46	1
5819	53	2
5820	39	2
5821	48	1
5822	57	4
5823	34	2
5824	45	5
5825	39	2
5826	41	2
5827	43	2
5828	50	1
5829	38	3
5830	38	4
5831	56	3
5832	32	1
5833	47	2
5834	35	2
5835	32	3
5836	53	3
5837	39	1
5838	40	1
5839	44	1
5840	43	1
5841	31	2
5842	29	2
5843	43	1
5844	33	2
5845	40	0
5846	35	2
5847	37	2
5848	47	1
5849	49	2
5850	55	2
5851	53	0
5852	45	2
5853	33	1
5854	40	3
5855	35	3
5856	41	1
5857	43	0
5858	37	1
5859	54	3
5860	49	2
5861	52	1
5862	28	4
5863	45	1
5864	37	4
5865	35	0
5866	40	1
5867	45	2
5868	34	0
5869	44	2
5870	38	4
5871	27	2
5872	42	1
5873	34	2
5874	47	2
5875	42	0
5876	38	2
5877	36	2
5878	42	0
5879	37	2
5880	46	1
5881	53	2
5882	48	3
5883	52	1
5884	45	1
5885	50	2
5886	39	0
5887	52	1
5888	45	4
5889	43	1
5890	37	2
5891	43	0
5892	49	1
5893	36	3
5894	44	2
5895	44	4
5896	46	1
5897	43	4
5898	50	2
5899	53	2
5900	52	4
5901	35	2
5902	51	1
5903	35	1
5904	38	3
5905	57	1
5906	49	3
5907	41	0
5908	52	4
5909	50	2
5910	38	3
5911	49	2
5912	46	0
5913	44	1
5914	47	1
5915	44	1
5916	53	1
5917	38	2
5918	39	1
5919	39	1
5920	49	2
5921	41	2
5922	47	3
5923	43	1
5924	46	1
5925	39	2
5926	24	2
5927	44	4
5928	38	2
5929	42	1
5930	54	1
5931	45	1
5932	37	2
5933	42	2
5934	52	1
5935	43	2
5936	36	1
5937	31	3
5938	43	2
5939	44	2
5940	38	1
5941	39	0
5942	30	2
5943	45	1
5944	44	1
5945	41	3
5946	39	4
5947	45	2
5948	48	1
5949	30	1
5950	36	2
5951	39	2
5952	47	2
5953	47	1
5954	52	3
5955	47	2
5956	41	3
5957	47	1
5958	44	1
5959	45	4
5960	48	3
5961	47	2
5962	46	1
5963	42	1
5964	44	0
5965	37	2
5966	36	2
5967	49	0
5968	45	2
5969	37	1
5970	49	2
5971	29	3
5972	43	1
5973	50	2
5974	37	2
5975	41	2
5976	42	1
5977	38	1
5978	43	2
5979	39	2
5980	47	2
5981	45	2
5982	41	2
5983	52	1
5984	41	2
5985	50	3
5986	45	0
5987	39	1
5988	47	2
5989	38	3
5990	39	2
5991	51	1
5992	45	3
5993	39	2
5994	43	3
5995	45	2
5996	35	3
5997	41	1
5998	43	4
5999	52	0
6000	35	2
6001	45	2
6002	48	0
6003	39	0
6004	45	3
6005	38	2
6006	47	2
6007	47	1
6008	47	3
6009	31	3
6010	32	2
6011	41	3
6012	39	3
6013	39	1
6014	50	0
6015	49	1
6016	40	2
6017	46	3
6018	49	2
6019	45	3
6020	34	3
6021	47	4
6022	42	0
6023	34	1
6024	36	2
6025	47	1
6026	47	3
6027	42	1
6028	45	0
6029	37	2
6030	40	0
6031	46	1
6032	39	2
6033	32	3
6034	40	3
6035	41	0
6036	45	2
6037	52	1
6038	59	2
6039	43	2
6040	54	2
6041	52	0
6042	43	0
6043	34	2
6044	50	1
6045	36	2
6046	37	1
6047	56	3
6048	44	4
6049	37	2
6050	38	2
6051	38	2
6052	36	1
6053	42	0
6054	50	1
6055	40	2
6056	47	1
6057	34	2
6058	42	3
6059	46	5
6060	41	1
6061	42	3
6062	36	2
6063	47	1
6064	32	3
6065	42	1
6066	48	3
6067	52	0
6068	52	2
6069	42	3
6070	43	3
6071	48	0
6072	36	3
6073	45	3
6074	40	2
6075	37	0
6076	36	3
6077	35	4
6078	38	1
6079	41	2
6080	34	3
6081	43	1
6082	43	2
6083	40	2
6084	38	2
6085	38	1
6086	44	0
6087	49	2
6088	39	1
6089	45	1
6090	41	2
6091	45	3
6092	45	2
6093	40	2
6094	54	1
6095	36	1
6096	44	1
6097	32	1
6098	40	2
6099	38	1
6100	38	1
6101	40	2
6102	41	1
6103	51	2
6104	53	2
6105	53	1
6106	40	2
6107	35	3
6108	45	1
6109	40	2
6110	46	1
6111	42	0
6112	47	1
6113	43	1
6114	46	2
6115	40	1
6116	45	2
6117	43	3
6118	44	3
6119	42	1
6120	46	2
6121	42	1
6122	48	1
6123	44	0
6124	47	2
6125	45	0
6126	39	2
6127	47	1
6128	25	3
6129	48	0
6130	45	2
6131	37	1
6132	49	2
6133	48	1
6134	45	2
6135	38	1
6136	40	2
6137	51	4
6138	36	1
6139	43	2
6140	43	1
6141	37	3
6142	45	2
6143	46	3
6144	41	4
6145	37	1
6146	46	2
6147	37	1
6148	54	3
6149	49	2
6150	41	0
6151	38	2
6152	47	2
6153	41	3
6154	42	3
6155	39	2
6156	44	2
6157	52	1
6158	35	0
6159	47	1
6160	44	2
6161	51	4
6162	38	2
6163	49	3
6164	51	1
6165	40	3
6166	40	0
6167	35	2
6168	48	1
6169	44	0
6170	42	2
6171	37	1
6172	43	1
6173	35	1
6174	35	2
6175	41	1
6176	43	0
6177	43	3
6178	36	1
6179	36	1
6180	51	3
6181	37	2
6182	56	2
6183	54	1
6184	39	1
6185	33	1
6186	43	1
6187	46	1
6188	39	2
6189	54	1
6190	50	3
6191	48	1
6192	37	3
6193	36	1
6194	49	1
6195	47	1
6196	36	1
6197	39	2
6198	41	1
6199	39	1
6200	45	3
6201	41	0
6202	47	1
6203	46	2
6204	44	0
6205	45	2
6206	36	2
6207	42	2
6208	36	2
6209	35	2
6210	46	3
6211	46	1
6212	43	2
6213	38	4
6214	45	2
6215	43	1
6216	40	4
6217	37	1
6218	45	1
6219	56	3
6220	42	4
6221	48	1
6222	41	0
6223	35	1
6224	44	1
6225	37	3
6226	34	1
6227	45	1
6228	38	1
6229	45	1
6230	38	2
6231	51	0
6232	44	2
6233	41	1
6234	51	2
6235	36	2
6236	52	2
6237	38	2
6238	37	3
6239	57	1
6240	48	1
6241	40	0
6242	45	2
6243	46	2
6244	50	2
6245	54	3
6246	41	2
6247	36	5
6248	35	1
6249	34	3
6250	49	3
6251	48	3
6252	40	1
6253	38	1
6254	39	2
6255	35	2
6256	49	2
6257	45	2
6258	41	1
6259	46	3
6260	47	2
6261	49	1
6262	40	2
6263	49	1
6264	53	3
6265	39	2
6266	35	2
6267	39	1
6268	38	2
6269	50	2
6270	38	3
6271	51	3
6272	34	0
6273	46	2
6274	50	2
6275	44	0
6276	41	0
6277	39	2
6278	45	1
6279	31	2
6280	41	1
6281	49	3
6282	42	2
6283	52	3
6284	35	0
6285	48	1
6286	44	0
6287	33	2
6288	43	1
6289	50	2
6290	54	2
6291	37	2
6292	45	0
6293	32	1
6294	41	2
6295	42	3
6296	46	4
6297	42	3
6298	43	1
6299	41	3
6300	41	3
6301	37	1
6302	39	2
6303	54	1
6304	38	3
6305	42	3
6306	40	2
6307	46	3
6308	56	3
6309	41	1
6310	44	0
6311	48	3
6312	46	2
6313	37	1
6314	57	2
6315	38	1
6316	44	2
6317	40	1
6318	40	1
6319	44	4
6320	51	1
6321	42	0
6322	52	3
6323	40	2
6324	37	0
6325	43	2
6326	44	1
6327	48	1
6328	49	2
6329	47	4
6330	34	3
6331	43	2
6332	39	2
6333	34	1
6334	35	3
6335	32	3
6336	46	3
6337	49	2
6338	48	1
6339	41	3
6340	50	2
6341	44	1
6342	43	1
6343	46	2
6344	37	3
6345	41	1
6346	40	2
6347	47	1
6348	35	4
6349	37	2
6350	53	3
6351	33	3
6352	47	1
6353	39	1
6354	46	1
6355	53	1
6356	37	0
6357	43	2
6358	40	3
6359	46	1
6360	41	3
6361	44	2
6362	41	3
6363	47	3
6364	48	2
6365	30	0
6366	43	2
6367	41	2
6368	45	1
6369	62	4
6370	44	3
6371	52	0
6372	40	2
6373	41	1
6374	37	2
6375	43	2
6376	46	2
6377	44	3
6378	41	0
6379	52	2
6380	45	2
6381	42	2
6382	40	0
6383	33	3
6384	47	1
6385	39	2
6386	39	2
6387	42	4
6388	40	1
6389	51	2
6390	44	2
6391	40	0
6392	49	1
6393	44	2
6394	42	2
6395	37	1
6396	41	2
6397	46	1
6398	32	2
6399	48	0
6400	44	2
6401	35	2
6402	31	2
6403	39	2
6404	38	2
6405	39	1
6406	53	1
6407	45	1
6408	38	0
6409	48	1
6410	34	2
6411	55	2
6412	48	1
6413	40	3
6414	54	1
6415	46	3
6416	50	2
6417	33	1
6418	36	2
6419	31	2
6420	36	0
6421	51	2
6422	50	1
6423	45	2
6424	48	2
6425	53	3
6426	39	1
6427	45	2
6428	47	1
6429	40	2
6430	46	2
6431	50	2
6432	49	2
6433	40	1
6434	44	1
6435	40	1
6436	44	2
6437	44	2
6438	47	1
6439	38	2
6440	42	1
6441	37	3
6442	45	1
6443	45	1
6444	42	1
6445	40	3
6446	41	3
6447	52	1
6448	42	1
6449	29	1
6450	35	1
6451	34	0
6452	49	2
6453	45	2
6454	45	2
6455	37	0
6456	46	1
6457	48	1
6458	46	1
6459	40	1
6460	50	2
6461	38	2
6462	36	2
6463	39	4
6464	47	1
6465	36	3
6466	35	0
6467	42	0
6468	31	0
6469	52	3
6470	39	1
6471	49	2
6472	39	1
6473	32	3
6474	52	1
6475	39	2
6476	56	2
6477	39	1
6478	39	0
6479	46	1
6480	43	0
6481	45	1
6482	43	2
6483	32	4
6484	40	2
6485	37	2
6486	43	2
6487	41	2
6488	55	2
6489	53	1
6490	34	1
6491	50	2
6492	36	2
6493	52	2
6494	41	2
6495	50	2
6496	53	3
6497	48	1
6498	42	1
6499	41	0
6500	45	0
6501	42	2
6502	42	1
6503	45	1
6504	44	3
6505	41	2
6506	37	1
6507	45	2
6508	39	1
6509	45	0
6510	41	0
6511	48	3
6512	41	1
6513	38	3
6514	51	2
6515	50	3
6516	36	3
6517	51	2
6518	43	2
6519	48	2
6520	30	2
6521	40	2
6522	38	3
6523	40	1
6524	35	1
6525	43	1
6526	47	2
6527	49	1
6528	47	2
6529	40	1
6530	43	0
6531	49	1
6532	40	3
6533	45	0
6534	46	1
6535	42	2
6536	48	3
6537	33	3
6538	54	2
6539	50	1
6540	46	3
6541	35	1
6542	42	1
6543	47	2
6544	41	3
6545	47	2
6546	45	4
6547	31	3
6548	42	1
6549	40	1
6550	41	4
6551	38	3
6552	33	1
6553	56	2
6554	49	2
6555	47	1
6556	41	2
6557	41	1
6558	54	2
6559	44	1
6560	42	3
6561	39	1
6562	47	3
6563	39	3
6564	45	3
6565	41	1
6566	45	1
6567	54	2
6568	35	2
6569	34	2
6570	48	2
6571	37	0
6572	43	1
6573	49	1
6574	37	1
6575	39	1
6576	44	2
6577	32	3
6578	41	2
6579	47	1
6580	42	2
6581	35	0
6582	34	2
6583	37	2
6584	45	2
6585	47	2
6586	42	1
6587	40	1
6588	40	2
6589	45	4
6590	29	3
6591	43	1
6592	37	2
6593	43	1
6594	42	2
6595	43	1
6596	46	1
6597	44	3
6598	30	1
6599	52	2
6600	28	2
6601	57	1
6602	33	2
6603	47	0
6604	37	3
6605	49	2
6606	45	3
6607	45	1
6608	49	2
6609	46	1
6610	40	2
6611	42	1
6612	41	1
6613	46	4
6614	38	1
6615	40	2
6616	41	3
6617	46	2
6618	48	3
6619	56	0
6620	41	1
6621	47	2
6622	46	3
6623	59	0
6624	38	1
6625	51	1
6626	40	2
6627	35	1
6628	38	1
6629	37	2
6630	51	3
6631	53	1
6632	37	2
6633	48	0
6634	34	2
6635	34	1
6636	49	1
6637	34	4
6638	40	2
6639	39	0
6640	37	1
6641	43	2
6642	39	1
6643	46	2
6644	44	1
6645	36	1
6646	35	2
6647	36	0
6648	38	2
6649	38	3
6650	48	3
6651	54	2
6652	39	2
6653	34	2
6654	32	1
6655	41	1
6656	43	1
6657	46	1
6658	34	2
6659	38	0
6660	35	3
6661	45	3
6662	35	1
6663	43	3
6664	47	2
6665	43	1
6666	46	3
6667	36	1
6668	39	1
6669	40	2
6670	42	2
6671	50	0
6672	46	1
6673	33	2
6674	43	1
6675	52	2
6676	42	4
6677	44	2
6678	39	1
6679	42	2
6680	42	2
6681	44	1
6682	33	3
6683	40	2
6684	40	3
6685	47	3
6686	44	2
6687	44	1
6688	42	2
6689	42	2
6690	42	2
6691	40	0
6692	46	0
6693	38	2
6694	40	1
6695	40	0
6696	37	0
6697	43	0
6698	45	2
6699	46	3
6700	41	2
6701	39	3
6702	44	2
6703	41	2
6704	42	3
6705	39	3
6706	44	1
6707	49	1
6708	32	0
6709	40	0
6710	51	2
6711	41	1
6712	50	4
6713	37	1
6714	39	3
6715	41	2
6716	50	1
6717	32	2
6718	33	1
6719	43	1
6720	50	2
6721	45	4
6722	46	1
6723	43	3
6724	44	2
6725	50	1
6726	38	3
6727	45	3
6728	49	2
6729	42	1
6730	47	2
6731	39	3
6732	41	1
6733	43	1
6734	43	2
6735	42	0
6736	39	3
6737	36	2
6738	44	0
6739	42	2
6740	55	1
6741	36	2
6742	45	4
6743	43	2
6744	40	0
6745	49	2
6746	33	1
6747	33	2
6748	52	3
6749	45	0
6750	45	2
6751	44	1
6752	43	3
6753	39	1
6754	43	1
6755	42	2
6756	41	0
6757	40	3
6758	43	1
6759	39	0
6760	40	2
6761	49	2
6762	53	1
6763	51	2
6764	36	2
6765	53	4
6766	33	3
6767	44	2
6768	46	1
6769	44	2
6770	44	2
6771	43	0
6772	34	3
6773	32	2
6774	45	2
6775	38	2
6776	51	1
6777	40	2
6778	51	1
6779	47	3
6780	45	0
6781	41	1
6782	54	1
6783	41	2
6784	41	0
6785	36	2
6786	42	3
6787	50	2
6788	36	4
6789	46	0
6790	40	2
6791	37	1
6792	40	2
6793	37	3
6794	38	2
6795	40	2
6796	54	3
6797	44	2
6798	43	3
6799	54	2
6800	46	1
6801	51	2
6802	48	2
6803	33	2
6804	42	3
6805	52	0
6806	41	4
6807	42	1
6808	53	1
6809	45	4
6810	42	2
6811	41	1
6812	47	4
6813	42	2
6814	42	2
6815	36	2
6816	43	2
6817	43	0
6818	42	1
6819	47	1
6820	41	1
6821	41	3
6822	44	2
6823	42	2
6824	50	1
6825	47	3
6826	43	1
6827	43	3
6828	46	3
6829	33	1
6830	37	2
6831	40	2
6832	47	3
6833	34	2
6834	41	3
6835	40	2
6836	49	2
6837	43	1
6838	51	0
6839	50	1
6840	51	4
6841	38	2
6842	31	2
6843	49	1
6844	56	2
6845	41	3
6846	46	1
6847	33	0
6848	37	2
6849	49	1
6850	52	1
6851	49	2
6852	33	4
6853	42	2
6854	42	1
6855	50	1
6856	43	2
6857	46	1
6858	37	2
6859	37	2
6860	39	2
6861	36	1
6862	50	1
6863	51	0
6864	38	4
6865	49	2
6866	48	2
6867	32	1
6868	43	1
6869	45	1
6870	39	0
6871	47	2
6872	48	0
6873	40	0
6874	35	1
6875	40	3
6876	42	2
6877	50	2
6878	25	1
6879	50	3
6880	36	1
6881	53	2
6882	42	3
6883	50	1
6884	41	3
6885	30	2
6886	43	1
6887	47	3
6888	50	1
6889	39	2
6890	49	1
6891	37	1
6892	43	1
6893	36	2
6894	38	3
6895	46	2
6896	37	1
6897	47	2
6898	47	1
6899	48	2
6900	40	1
6901	38	0
6902	49	2
6903	33	1
6904	43	0
6905	42	2
6906	43	3
6907	44	2
6908	57	1
6909	41	1
6910	55	2
6911	55	0
6912	48	1
6913	40	1
6914	44	2
6915	46	0
6916	38	3
6917	53	2
6918	53	1
6919	49	1
6920	41	1
6921	43	1
6922	39	3
6923	34	2
6924	51	1
6925	36	1
6926	38	1
6927	41	3
6928	45	3
6929	41	1
6930	37	1
6931	37	2
6932	40	1
6933	44	3
6934	33	2
6935	47	1
6936	43	2
6937	45	1
6938	45	2
6939	40	1
6940	44	3
6941	51	1
6942	45	1
6943	49	0
6944	45	1
6945	46	4
6946	36	1
6947	43	1
6948	37	4
6949	34	1
6950	37	2
6951	52	2
6952	38	2
6953	38	2
6954	41	2
6955	44	2
6956	44	1
6957	42	3
6958	39	0
6959	50	2
6960	45	1
6961	47	1
6962	46	1
6963	42	1
6964	45	2
6965	49	1
6966	39	4
6967	32	0
6968	48	3
6969	48	2
6970	48	3
6971	39	0
6972	46	2
6973	45	3
6974	40	2
6975	43	2
6976	52	2
6977	40	1
6978	37	1
6979	40	3
6980	41	1
6981	46	3
6982	42	1
6983	45	3
6984	47	1
6985	35	3
6986	34	3
6987	35	1
6988	52	3
6989	33	2
6990	46	2
6991	36	1
6992	34	1
6993	46	3
6994	35	0
6995	48	3
6996	36	2
6997	39	2
6998	44	1
6999	46	1
7000	30	3
7001	40	2
7002	39	3
7003	44	1
7004	46	3
7005	41	0
7006	40	1
7007	31	2
7008	42	4
7009	40	3
7010	40	3
7011	46	0
7012	40	1
7013	51	2
7014	36	4
7015	33	2
7016	45	2
7017	41	1
7018	40	2
7019	44	1
7020	42	4
7021	46	4
7022	42	0
7023	35	0
7024	43	2
7025	44	1
7026	36	0
7027	34	2
7028	43	1
7029	29	0
7030	43	1
7031	50	2
7032	51	2
7033	36	0
7034	41	2
7035	45	2
7036	36	2
7037	31	2
7038	31	2
7039	39	1
7040	30	1
7041	50	3
7042	37	2
7043	41	0
7044	32	2
7045	38	4
7046	35	2
7047	43	3
7048	48	1
7049	43	2
7050	41	2
7051	48	2
7052	36	3
7053	49	2
7054	39	2
7055	45	1
7056	41	1
7057	38	1
7058	46	1
7059	41	0
7060	45	1
7061	54	3
7062	42	1
7063	52	1
7064	46	2
7065	46	2
7066	36	3
7067	36	0
7068	42	3
7069	48	2
7070	41	1
7071	48	3
7072	35	2
7073	41	1
7074	43	1
7075	44	4
7076	34	1
7077	50	1
7078	43	2
7079	44	2
7080	41	0
7081	51	0
7082	43	1
7083	48	2
7084	40	1
7085	46	2
7086	44	1
7087	46	2
7088	40	2
7089	45	2
7090	52	1
7091	34	1
7092	40	1
7093	38	0
7094	42	1
7095	50	1
7096	30	3
7097	52	1
7098	46	1
7099	39	3
7100	40	4
7101	34	1
7102	38	2
7103	36	1
7104	45	2
7105	36	1
7106	39	1
7107	52	1
7108	38	0
7109	44	2
7110	41	2
7111	44	2
7112	36	2
7113	40	1
7114	42	0
7115	51	1
7116	47	3
7117	41	0
7118	42	4
7119	55	2
7120	44	2
7121	37	2
7122	52	0
7123	41	2
7124	36	2
7125	39	1
7126	50	0
7127	40	1
7128	47	0
7129	40	2
7130	33	2
7131	37	2
7132	42	2
7133	42	1
7134	43	2
7135	44	2
7136	41	2
7137	53	3
7138	36	2
7139	42	2
7140	51	2
7141	40	0
7142	51	1
7143	45	4
7144	40	2
7145	34	2
7146	40	1
7147	42	1
7148	48	2
7149	44	2
7150	36	3
7151	40	1
7152	42	2
7153	47	0
7154	32	1
7155	37	2
7156	35	2
7157	50	2
7158	48	3
7159	43	1
7160	42	1
7161	45	2
7162	45	2
7163	48	2
7164	34	2
7165	39	1
7166	51	3
7167	53	2
7168	34	1
7169	55	1
7170	42	1
7171	40	1
7172	41	2
7173	45	3
7174	47	4
7175	47	1
7176	55	2
7177	45	1
7178	36	1
7179	33	2
7180	42	1
7181	37	1
7182	46	0
7183	43	0
7184	51	4
7185	45	1
7186	36	3
7187	42	2
7188	30	2
7189	39	1
7190	46	2
7191	40	3
7192	45	2
7193	43	4
7194	45	2
7195	47	3
7196	52	2
7197	44	0
7198	35	1
7199	47	3
7200	49	1
7201	47	1
7202	47	1
7203	53	5
7204	45	2
7205	43	4
7206	40	3
7207	38	2
7208	49	3
7209	53	2
7210	54	0
7211	40	2
7212	35	2
7213	52	1
7214	37	2
7215	42	2
7216	47	1
7217	44	3
7218	40	3
7219	43	2
7220	38	5
7221	45	2
7222	44	2
7223	43	2
7224	49	1
7225	41	3
7226	50	2
7227	42	2
7228	52	2
7229	39	2
7230	47	0
7231	35	3
7232	38	1
7233	34	4
7234	41	2
7235	42	2
7236	38	1
7237	45	4
7238	44	1
7239	44	1
7240	35	3
7241	41	1
7242	38	1
7243	45	1
7244	41	1
7245	37	2
7246	47	3
7247	31	2
7248	42	0
7249	36	2
7250	40	2
7251	43	0
7252	47	2
7253	42	3
7254	43	2
7255	35	3
7256	44	1
7257	43	0
7258	53	2
7259	45	1
7260	45	2
7261	46	2
7262	46	4
7263	41	2
7264	39	1
7265	41	1
7266	44	1
7267	38	1
7268	41	0
7269	39	1
7270	39	3
7271	43	3
7272	35	1
7273	48	1
7274	30	1
7275	44	3
7276	49	3
7277	35	3
7278	51	1
7279	38	3
7280	37	1
7281	44	1
7282	41	0
7283	34	2
7284	42	2
7285	44	2
7286	50	3
7287	44	1
7288	42	2
7289	46	2
7290	46	1
7291	41	1
7292	42	1
7293	42	2
7294	37	1
7295	47	2
7296	41	3
7297	36	2
7298	42	0
7299	28	1
7300	51	2
7301	46	1
7302	35	1
7303	37	3
7304	39	2
7305	58	0
7306	43	4
7307	41	2
7308	44	2
7309	32	1
7310	39	0
7311	30	2
7312	29	3
7313	50	2
7314	40	3
7315	34	1
7316	50	3
7317	44	2
7318	31	2
7319	46	2
7320	50	2
7321	39	2
7322	36	3
7323	36	2
7324	52	2
7325	40	1
7326	34	0
7327	55	2
7328	49	1
7329	42	2
7330	51	0
7331	38	2
7332	37	3
7333	47	1
7334	37	1
7335	45	1
7336	39	2
7337	39	1
7338	41	2
7339	35	5
7340	30	0
7341	35	0
7342	42	3
7343	47	2
7344	35	2
7345	45	1
7346	28	2
7347	48	3
7348	38	5
7349	46	1
7350	35	1
7351	50	2
7352	33	1
7353	55	1
7354	50	3
7355	42	1
7356	47	0
7357	42	2
7358	42	2
7359	48	1
7360	41	2
7361	46	1
7362	46	1
7363	45	2
7364	39	1
7365	40	0
7366	46	0
7367	37	4
7368	42	3
7369	38	1
7370	42	2
7371	42	2
7372	36	3
7373	40	1
7374	44	2
7375	46	2
7376	46	1
7377	47	2
7378	43	1
7379	55	2
7380	43	3
7381	40	0
7382	58	2
7383	41	1
7384	39	2
7385	38	2
7386	46	1
7387	34	3
7388	43	3
7389	43	2
7390	43	3
7391	42	1
7392	44	3
7393	46	0
7394	51	0
7395	46	2
7396	55	2
7397	40	2
7398	37	2
7399	40	2
7400	46	1
7401	51	3
7402	44	3
7403	34	0
7404	35	2
7405	40	1
7406	44	2
7407	36	2
7408	50	0
7409	49	0
7410	40	3
7411	48	3
7412	45	0
7413	52	3
7414	38	1
7415	41	4
7416	44	3
7417	45	0
7418	47	4
7419	40	2
7420	43	2
7421	45	1
7422	36	1
7423	45	1
7424	42	2
7425	38	2
7426	48	0
7427	34	0
7428	49	1
7429	46	3
7430	40	4
7431	38	2
7432	50	1
7433	28	1
7434	52	1
7435	29	1
7436	44	0
7437	47	1
7438	40	1
7439	58	0
7440	41	1
7441	50	1
7442	45	2
7443	48	2
7444	39	1
7445	33	3
7446	41	3
7447	34	0
7448	33	1
7449	47	0
7450	41	2
7451	36	2
7452	35	4
7453	44	2
7454	43	1
7455	42	2
7456	40	2
7457	36	5
7458	43	1
7459	48	2
7460	36	2
7461	53	5
7462	39	2
7463	41	2
7464	40	3
7465	51	2
7466	38	3
7467	27	3
7468	51	2
7469	42	4
7470	33	1
7471	51	2
7472	45	1
7473	49	1
7474	49	2
7475	46	2
7476	41	1
7477	38	2
7478	39	2
7479	39	1
7480	40	1
7481	47	2
7482	48	1
7483	42	0
7484	44	0
7485	45	0
7486	38	1
7487	38	2
7488	53	3
7489	38	3
7490	49	1
7491	30	1
7492	38	0
7493	34	1
7494	44	4
7495	39	2
7496	46	1
7497	34	3
7498	52	1
7499	34	1
7500	40	2
7501	45	1
7502	53	1
7503	40	1
7504	32	0
7505	43	1
7506	35	2
7507	48	2
7508	48	3
7509	49	1
7510	44	2
7511	48	2
7512	45	1
7513	45	3
7514	45	2
7515	50	2
7516	42	2
7517	36	4
7518	37	1
7519	42	0
7520	44	1
7521	40	0
7522	38	2
7523	32	2
7524	34	2
7525	45	0
7526	39	0
7527	35	3
7528	48	2
7529	47	3
7530	55	3
7531	45	2
7532	35	2
7533	45	1
7534	36	4
7535	46	2
7536	38	2
7537	59	4
7538	23	3
7539	55	2
7540	38	2
7541	48	4
7542	44	4
7543	40	1
7544	47	2
7545	48	2
7546	53	3
7547	54	1
7548	55	3
7549	41	1
7550	38	1
7551	45	0
7552	42	2
7553	50	1
7554	44	2
7555	45	2
7556	48	2
7557	39	1
7558	44	1
7559	41	0
7560	51	1
7561	35	1
7562	36	2
7563	42	2
7564	41	2
7565	42	0
7566	43	3
7567	42	4
7568	41	2
7569	38	4
7570	43	3
7571	56	1
7572	45	1
7573	33	1
7574	46	1
7575	36	3
7576	37	2
7577	30	3
7578	38	1
7579	42	3
7580	39	2
7581	41	0
7582	42	1
7583	37	1
7584	47	2
7585	33	3
7586	35	0
7587	38	1
7588	42	2
7589	46	3
7590	42	2
7591	51	3
7592	34	3
7593	43	2
7594	39	2
7595	43	1
7596	42	1
7597	56	1
7598	55	1
7599	42	0
7600	33	3
7601	31	1
7602	37	1
7603	43	1
7604	49	0
7605	40	2
7606	47	3
7607	38	1
7608	40	1
7609	46	1
7610	38	1
7611	34	2
7612	38	1
7613	47	1
7614	42	3
7615	51	2
7616	36	1
7617	47	2
7618	37	1
7619	40	1
7620	48	2
7621	42	0
7622	39	2
7623	37	4
7624	46	2
7625	26	2
7626	40	0
7627	46	1
7628	40	1
7629	44	0
7630	52	2
7631	43	2
7632	45	1
7633	39	0
7634	49	2
7635	39	2
7636	38	2
7637	42	1
7638	51	2
7639	37	1
7640	35	0
7641	39	2
7642	41	1
7643	56	2
7644	44	3
7645	42	0
7646	42	2
7647	35	0
7648	32	3
7649	45	1
7650	53	2
7651	51	2
7652	46	5
7653	43	2
7654	43	2
7655	43	4
7656	43	1
7657	38	2
7658	47	2
7659	42	0
7660	53	2
7661	32	1
7662	42	4
7663	45	1
7664	42	2
7665	40	1
7666	43	0
7667	46	1
7668	39	2
7669	44	1
7670	46	0
7671	44	2
7672	49	4
7673	29	2
7674	48	2
7675	37	3
7676	48	0
7677	34	2
7678	45	1
7679	49	1
7680	42	2
7681	55	0
7682	49	1
7683	37	1
7684	47	1
7685	44	1
7686	41	2
7687	33	3
7688	43	3
7689	47	1
7690	46	2
7691	40	2
7692	55	4
7693	43	1
7694	42	0
7695	50	4
7696	32	1
7697	53	2
7698	39	1
7699	59	3
7700	35	1
7701	42	0
7702	39	3
7703	37	2
7704	40	0
7705	39	1
7706	35	0
7707	43	2
7708	40	1
7709	42	1
7710	48	3
7711	34	1
7712	51	3
7713	33	2
7714	39	2
7715	43	0
7716	51	0
7717	40	1
7718	50	2
7719	43	2
7720	42	3
7721	48	2
7722	43	5
7723	37	1
7724	44	2
7725	37	1
7726	41	1
7727	51	1
7728	41	2
7729	38	4
7730	40	2
7731	39	1
7732	38	2
7733	35	2
7734	36	2
7735	44	1
7736	50	3
7737	47	1
7738	41	2
7739	52	1
7740	47	1
7741	52	2
7742	32	2
7743	32	3
7744	48	2
7745	46	3
7746	50	5
7747	28	2
7748	52	2
7749	32	2
7750	46	3
7751	40	1
7752	52	2
7753	42	2
7754	39	1
7755	40	1
7756	38	1
7757	47	2
7758	44	2
7759	43	1
7760	47	1
7761	58	1
7762	49	1
7763	33	5
7764	51	3
7765	45	3
7766	37	1
7767	46	3
7768	35	1
7769	35	0
7770	48	2
7771	39	0
7772	47	4
7773	43	2
7774	39	4
7775	43	1
7776	37	1
7777	38	2
7778	36	0
7779	42	1
7780	45	1
7781	38	3
7782	43	0
7783	33	2
7784	37	1
7785	53	0
7786	40	0
7787	43	1
7788	41	1
7789	51	2
7790	36	2
7791	41	2
7792	39	0
7793	40	1
7794	45	2
7795	34	2
7796	43	2
7797	28	2
7798	41	2
7799	56	2
7800	49	1
7801	54	0
7802	53	1
7803	43	1
7804	45	1
7805	39	2
7806	38	3
7807	40	2
7808	47	5
7809	41	1
7810	48	4
7811	32	1
7812	53	1
7813	43	1
7814	36	2
7815	51	1
7816	40	2
7817	41	1
7818	32	2
7819	42	2
7820	46	1
7821	39	1
7822	35	3
7823	42	1
7824	34	0
7825	26	2
7826	41	1
7827	39	1
7828	46	4
7829	44	1
7830	47	0
7831	53	1
7832	45	3
7833	40	2
7834	43	1
7835	45	1
7836	40	3
7837	46	3
7838	27	2
7839	40	3
7840	40	1
7841	40	2
7842	37	1
7843	46	1
7844	40	2
7845	55	4
7846	39	1
7847	45	3
7848	45	1
7849	50	2
7850	48	2
7851	38	2
7852	39	2
7853	46	1
7854	45	1
7855	42	3
7856	39	0
7857	39	2
7858	40	1
7859	49	0
7860	45	1
7861	53	0
7862	41	0
7863	43	5
7864	47	0
7865	47	3
7866	36	1
7867	34	1
7868	53	1
7869	49	2
7870	45	2
7871	40	1
7872	41	2
7873	48	2
7874	33	2
7875	45	3
7876	45	0
7877	44	1
7878	48	2
7879	48	0
7880	48	1
7881	29	2
7882	47	2
7883	40	1
7884	45	2
7885	38	1
7886	45	1
7887	62	2
7888	36	3
7889	44	1
7890	41	1
7891	49	2
7892	54	2
7893	34	2
7894	47	0
7895	39	3
7896	40	2
7897	38	0
7898	41	2
7899	41	1
7900	48	1
7901	41	2
7902	37	2
7903	41	1
7904	36	2
7905	49	3
7906	41	2
7907	38	1
7908	38	3
7909	38	1
7910	45	1
7911	41	1
7912	46	1
7913	48	1
7914	51	1
7915	45	4
7916	42	0
7917	40	2
7918	46	0
7919	35	0
7920	43	4
7921	45	4
7922	45	1
7923	38	0
7924	38	2
7925	39	1
7926	44	3
7927	54	1
7928	45	3
7929	46	2
7930	39	3
7931	37	1
7932	35	2
7933	35	1
7934	57	2
7935	52	0
7936	35	4
7937	46	3
7938	42	1
7939	49	1
7940	38	3
7941	36	3
7942	50	2
7943	39	1
7944	48	2
7945	45	3
7946	37	1
7947	35	1
7948	40	1
7949	54	1
7950	41	4
7951	38	1
7952	48	3
7953	45	1
7954	43	2
7955	47	1
7956	40	2
7957	43	3
7958	42	2
7959	46	2
7960	38	1
7961	41	3
7962	40	2
7963	47	4
7964	41	1
7965	42	3
7966	41	2
7967	47	1
7968	48	1
7969	50	0
7970	45	1
7971	56	1
7972	44	3
7973	40	3
7974	42	1
7975	39	2
7976	48	1
7977	37	2
7978	41	3
7979	44	1
7980	41	2
7981	46	0
7982	52	2
7983	49	2
7984	37	1
7985	39	1
7986	36	2
7987	51	3
7988	30	2
7989	35	1
7990	50	1
7991	38	1
7992	46	2
7993	35	2
7994	42	3
7995	39	1
7996	46	1
7997	48	1
7998	42	1
7999	44	0
8000	31	2
8001	54	2
8002	47	3
8003	39	2
8004	45	2
8005	39	2
8006	40	1
8007	43	1
8008	38	2
8009	37	3
8010	42	1
8011	50	2
8012	50	1
8013	45	2
8014	41	3
8015	44	1
8016	46	2
8017	45	1
8018	45	1
8019	44	2
8020	41	2
8021	54	2
8022	32	1
8023	45	2
8024	48	0
8025	53	2
8026	46	2
8027	48	1
8028	38	1
8029	33	2
8030	42	2
8031	40	2
8032	45	1
8033	50	1
8034	38	0
8035	43	1
8036	35	0
8037	42	1
8038	41	3
8039	37	2
8040	36	1
8041	34	3
8042	42	1
8043	55	2
8044	38	1
8045	48	1
8046	48	2
8047	45	4
8048	42	1
8049	41	1
8050	52	1
8051	47	2
8052	33	2
8053	42	2
8054	42	1
8055	41	2
8056	48	1
8057	52	3
8058	47	3
8059	39	2
8060	38	0
8061	46	2
8062	49	2
8063	43	1
8064	44	0
8065	33	1
8066	50	2
8067	39	0
8068	47	0
8069	52	2
8070	44	3
8071	38	2
8072	38	3
8073	38	2
8074	48	2
8075	38	0
8076	43	1
8077	47	3
8078	35	0
8079	37	1
8080	42	2
8081	37	2
8082	42	2
8083	36	1
8084	38	2
8085	46	2
8086	39	3
8087	33	1
8088	41	3
8089	40	1
8090	37	2
8091	40	2
8092	40	2
8093	49	2
8094	38	2
8095	42	4
8096	37	2
8097	42	3
8098	47	2
8099	41	2
8100	39	2
8101	52	4
8102	41	1
8103	45	0
8104	40	0
8105	35	1
8106	40	1
8107	38	0
8108	37	1
8109	54	1
8110	43	3
8111	45	2
8112	47	1
8113	49	3
8114	41	1
8115	39	3
8116	43	1
8117	50	2
8118	45	2
8119	48	2
8120	48	0
8121	43	1
8122	40	1
8123	45	0
8124	46	2
8125	41	3
8126	43	2
8127	47	2
8128	39	0
8129	40	1
8130	33	1
8131	42	2
8132	48	2
8133	33	1
8134	38	1
8135	35	2
8136	32	3
8137	48	0
8138	42	3
8139	35	1
8140	40	2
8141	45	0
8142	34	0
8143	42	1
8144	42	2
8145	50	3
8146	45	2
8147	31	2
8148	39	2
8149	32	3
8150	38	4
8151	43	0
8152	43	1
8153	31	1
8154	44	2
8155	51	1
8156	40	0
8157	58	0
8158	47	2
8159	50	2
8160	55	3
8161	46	0
8162	36	3
8163	46	3
8164	41	2
8165	45	2
8166	40	4
8167	31	2
8168	44	1
8169	41	0
8170	43	3
8171	47	2
8172	34	1
8173	31	0
8174	46	1
8175	49	4
8176	35	0
8177	51	1
8178	46	1
8179	26	2
8180	39	1
8181	35	1
8182	34	2
8183	40	2
8184	40	1
8185	49	4
8186	43	0
8187	42	2
8188	40	3
8189	41	1
8190	37	3
8191	45	1
8192	40	3
8193	40	1
8194	49	2
8195	54	2
8196	42	2
8197	41	1
8198	45	1
8199	43	2
8200	45	2
8201	30	1
8202	50	1
8203	40	3
8204	55	1
8205	41	0
8206	34	0
8207	50	1
8208	43	3
8209	39	2
8210	47	2
8211	38	2
8212	53	2
8213	35	3
8214	41	4
8215	41	3
8216	48	2
8217	54	3
8218	41	3
8219	47	3
8220	50	1
8221	42	2
8222	49	3
8223	39	2
8224	44	2
8225	38	2
8226	44	2
8227	55	2
8228	40	2
8229	51	4
8230	39	3
8231	42	0
8232	33	2
8233	35	3
8234	35	1
8235	50	1
8236	37	3
8237	51	3
8238	49	4
8239	58	2
8240	35	1
8241	46	2
8242	49	2
8243	53	2
8244	34	3
8245	46	0
8246	29	0
8247	47	2
8248	38	0
8249	30	4
8250	36	2
8251	44	1
8252	42	3
8253	34	0
8254	31	4
8255	44	2
8256	38	0
8257	36	3
8258	43	1
8259	44	2
8260	32	1
8261	45	2
8262	36	1
8263	51	1
8264	22	1
8265	45	0
8266	38	2
8267	42	2
8268	39	1
8269	36	2
8270	48	2
8271	43	3
8272	39	1
8273	42	3
8274	46	2
8275	36	3
8276	37	1
8277	40	1
8278	42	2
8279	45	1
8280	35	4
8281	40	1
8282	45	1
8283	50	1
8284	39	1
8285	50	3
8286	55	3
8287	41	2
8288	45	3
8289	45	2
8290	44	1
8291	33	1
8292	46	2
8293	38	2
8294	39	1
8295	40	4
8296	46	4
8297	39	0
8298	46	2
8299	45	3
8300	45	2
8301	44	1
8302	42	1
8303	42	1
8304	47	1
8305	48	2
8306	40	3
8307	49	1
8308	37	0
8309	40	2
8310	40	2
8311	46	3
8312	47	3
8313	52	3
8314	45	2
8315	36	5
8316	37	1
8317	41	1
8318	44	2
8319	43	0
8320	38	1
8321	40	2
8322	40	1
8323	42	3
8324	41	1
8325	40	2
8326	42	4
8327	40	1
8328	48	1
8329	37	1
8330	44	2
8331	53	2
8332	41	1
8333	47	2
8334	45	1
8335	40	1
8336	42	1
8337	41	1
8338	44	2
8339	34	2
8340	54	1
8341	41	3
8342	32	2
8343	38	3
8344	40	2
8345	39	3
8346	52	1
8347	37	2
8348	48	1
8349	37	4
8350	43	2
8351	49	0
8352	47	1
8353	53	2
8354	41	1
8355	53	2
8356	42	1
8357	52	2
8358	56	2
8359	40	1
8360	45	0
8361	48	3
8362	40	2
8363	45	2
8364	45	1
8365	45	1
8366	38	2
8367	34	2
8368	35	1
8369	42	2
8370	39	3
8371	46	0
8372	39	0
8373	33	2
8374	47	1
8375	43	1
8376	41	1
8377	50	2
8378	34	2
8379	48	1
8380	44	0
8381	43	3
8382	58	3
8383	46	2
8384	50	1
8385	37	1
8386	38	1
8387	48	1
8388	42	2
8389	44	1
8390	50	2
8391	50	2
8392	46	3
8393	42	1
8394	38	1
8395	43	1
8396	39	2
8397	47	3
8398	31	3
8399	37	3
8400	48	2
8401	38	1
8402	35	2
8403	38	3
8404	37	3
8405	41	1
8406	53	2
8407	39	2
8408	30	4
8409	36	2
8410	33	3
8411	43	2
8412	43	2
8413	41	0
8414	53	1
8415	40	1
8416	47	3
8417	51	2
8418	42	3
8419	48	2
8420	36	1
8421	39	0
8422	37	1
8423	49	3
8424	47	1
8425	45	0
8426	47	2
8427	45	2
8428	45	0
8429	41	3
8430	31	1
8431	41	1
8432	42	1
8433	40	1
8434	45	2
8435	45	2
8436	36	1
8437	43	2
8438	44	1
8439	39	1
8440	36	0
8441	44	2
8442	44	1
8443	40	3
8444	37	4
8445	46	0
8446	53	0
8447	40	3
8448	42	1
8449	47	2
8450	37	1
8451	45	2
8452	38	2
8453	44	1
8454	40	0
8455	49	3
8456	48	2
8457	33	1
8458	31	1
8459	41	0
8460	41	2
8461	40	1
8462	33	1
8463	49	2
8464	40	1
8465	29	1
8466	51	2
8467	46	2
8468	41	2
8469	48	1
8470	48	1
8471	47	3
8472	40	1
8473	40	2
8474	42	2
8475	42	1
8476	45	2
8477	49	2
8478	60	1
8479	48	3
8480	44	2
8481	51	2
8482	41	2
8483	45	2
8484	45	0
8485	43	1
8486	37	3
8487	45	2
8488	32	1
8489	37	2
8490	57	1
8491	42	0
8492	47	1
8493	35	1
8494	41	1
8495	38	1
8496	33	3
8497	42	1
8498	38	1
8499	41	2
8500	38	3
8501	43	2
8502	48	1
8503	37	1
8504	51	2
8505	47	1
8506	51	2
8507	46	0
8508	40	2
8509	34	2
8510	44	1
8511	53	2
8512	51	1
8513	39	0
8514	42	3
8515	48	1
8516	42	2
8517	52	1
8518	29	2
8519	37	1
8520	42	0
8521	29	2
8522	41	1
8523	29	1
8524	44	1
8525	45	1
8526	40	4
8527	38	1
8528	35	0
8529	48	2
8530	30	1
8531	39	2
8532	40	2
8533	48	3
8534	47	3
8535	34	1
8536	31	3
8537	44	3
8538	40	1
8539	44	1
8540	43	3
8541	32	1
8542	40	2
8543	46	2
8544	47	3
8545	45	2
8546	48	2
8547	45	2
8548	51	3
8549	38	2
8550	43	1
8551	59	2
8552	38	0
8553	43	1
8554	36	2
8555	33	2
8556	32	1
8557	45	4
8558	38	2
8559	31	1
8560	45	1
8561	43	1
8562	40	1
8563	34	1
8564	49	1
8565	42	1
8566	42	1
8567	41	3
8568	41	3
8569	34	2
8570	45	1
8571	41	2
8572	43	0
8573	44	3
8574	34	2
8575	45	1
8576	43	3
8577	39	2
8578	49	2
8579	39	0
8580	37	4
8581	42	1
8582	43	0
8583	45	2
8584	34	1
8585	42	3
8586	37	2
8587	44	1
8588	38	2
8589	46	1
8590	43	3
8591	41	3
8592	49	1
8593	35	4
8594	34	2
8595	38	3
8596	28	2
8597	48	0
8598	49	2
8599	42	1
8600	49	1
8601	39	1
8602	42	0
8603	30	2
8604	38	1
8605	39	2
8606	43	3
8607	47	1
8608	43	2
8609	32	1
8610	46	2
8611	39	4
8612	37	2
8613	41	1
8614	51	1
8615	41	1
8616	36	1
8617	47	1
8618	36	2
8619	42	1
8620	40	2
8621	44	2
8622	40	2
8623	41	3
8624	58	1
8625	39	0
8626	34	2
8627	42	2
8628	39	1
8629	45	4
8630	39	3
8631	45	3
8632	53	2
8633	43	2
8634	47	2
8635	37	2
8636	43	2
8637	43	2
8638	52	2
8639	32	3
8640	41	2
8641	40	3
8642	40	1
8643	48	1
8644	43	3
8645	34	1
8646	30	3
8647	44	4
8648	52	2
8649	40	1
8650	37	2
8651	35	3
8652	42	0
8653	56	3
8654	47	0
8655	36	1
8656	38	3
8657	47	2
8658	50	3
8659	36	2
8660	51	1
8661	41	3
8662	30	2
8663	41	0
8664	48	2
8665	46	2
8666	47	3
8667	54	1
8668	53	2
8669	41	3
8670	47	0
8671	43	2
8672	55	4
8673	43	3
8674	47	1
8675	39	2
8676	25	2
8677	45	1
8678	40	3
8679	44	2
8680	33	1
8681	41	3
8682	33	2
8683	43	2
8684	42	3
8685	41	2
8686	39	2
8687	30	2
8688	44	1
8689	48	1
8690	43	1
8691	57	0
8692	35	2
8693	40	1
8694	34	2
8695	40	1
8696	39	0
8697	38	3
8698	50	1
8699	47	1
8700	36	3
8701	50	2
8702	29	3
8703	53	2
8704	33	2
8705	36	2
8706	42	2
8707	35	1
8708	31	1
8709	55	2
8710	45	1
8711	39	1
8712	36	2
8713	38	1
8714	49	2
8715	35	2
8716	44	1
8717	45	2
8718	46	0
8719	44	3
8720	46	1
8721	39	2
8722	39	2
8723	39	1
8724	50	1
8725	45	4
8726	45	0
8727	31	2
8728	35	1
8729	35	1
8730	49	1
8731	53	2
8732	40	1
8733	37	3
8734	43	1
8735	29	2
8736	37	1
8737	30	1
8738	36	0
8739	35	0
8740	33	3
8741	45	1
8742	41	1
8743	49	2
8744	47	4
8745	35	1
8746	46	2
8747	49	3
8748	41	1
8749	43	1
8750	35	3
8751	42	2
8752	43	2
8753	38	2
8754	35	3
8755	45	3
8756	31	3
8757	50	2
8758	48	3
8759	41	1
8760	36	0
8761	36	2
8762	33	1
8763	29	1
8764	37	2
8765	33	2
8766	44	2
8767	45	3
8768	48	1
8769	36	1
8770	33	2
8771	34	0
8772	45	2
8773	36	2
8774	30	1
8775	37	2
8776	39	1
8777	41	1
8778	59	2
8779	55	2
8780	38	0
8781	41	0
8782	51	1
8783	47	3
8784	47	1
8785	47	3
8786	34	2
8787	34	1
8788	54	3
8789	39	1
8790	47	2
8791	44	3
8792	47	1
8793	51	2
8794	49	1
8795	36	5
8796	38	3
8797	34	2
8798	49	1
8799	37	2
8800	42	2
8801	46	2
8802	43	0
8803	47	3
8804	54	3
8805	46	3
8806	42	1
8807	48	3
8808	58	3
8809	37	3
8810	44	1
8811	41	2
8812	44	2
8813	39	3
8814	45	1
8815	40	3
8816	46	1
8817	42	1
8818	39	0
8819	40	2
8820	43	2
8821	39	2
8822	38	2
8823	47	2
8824	36	3
8825	37	4
8826	46	2
8827	46	1
8828	35	2
8829	41	2
8830	56	0
8831	48	3
8832	48	4
8833	47	1
8834	41	1
8835	42	3
8836	40	5
8837	45	0
8838	38	1
8839	46	1
8840	34	3
8841	41	1
8842	43	1
8843	39	2
8844	49	2
8845	43	2
8846	53	0
8847	44	2
8848	46	2
8849	44	2
8850	34	0
8851	35	0
8852	49	2
8853	37	1
8854	31	2
8855	32	2
8856	41	1
8857	41	3
8858	39	1
8859	42	2
8860	40	2
8861	51	4
8862	39	1
8863	35	3
8864	54	0
8865	38	3
8866	42	3
8867	38	3
8868	30	2
8869	44	0
8870	33	2
8871	49	1
8872	43	2
8873	45	3
8874	39	2
8875	34	3
8876	48	1
8877	43	2
8878	50	1
8879	46	1
8880	41	3
8881	53	1
8882	39	0
8883	49	2
8884	40	2
8885	55	2
8886	44	1
8887	49	2
8888	45	1
8889	44	1
8890	41	0
8891	50	1
8892	38	3
8893	34	2
8894	40	1
8895	42	3
8896	40	1
8897	31	2
8898	42	1
8899	44	1
8900	41	1
8901	37	1
8902	42	1
8903	47	2
8904	47	2
8905	48	1
8906	47	0
8907	41	3
8908	47	1
8909	45	2
8910	38	2
8911	32	2
8912	45	2
8913	46	3
8914	47	3
8915	45	3
8916	38	1
8917	41	1
8918	37	4
8919	48	1
8920	39	1
8921	39	0
8922	43	3
8923	39	2
8924	46	3
8925	46	2
8926	35	2
8927	37	2
8928	47	0
8929	36	1
8930	37	3
8931	31	2
8932	51	1
8933	42	1
8934	38	2
8935	34	4
8936	54	2
8937	50	2
8938	37	2
8939	50	4
8940	37	2
8941	47	3
8942	43	3
8943	42	2
8944	50	0
8945	45	2
8946	44	2
8947	37	2
8948	48	2
8949	29	0
8950	31	2
8951	42	3
8952	41	1
8953	41	3
8954	48	3
8955	47	2
8956	50	1
8957	30	1
8958	47	1
8959	38	1
8960	44	2
8961	43	1
8962	43	1
8963	39	4
8964	39	2
8965	41	1
8966	42	3
8967	34	3
8968	45	3
8969	45	1
8970	41	2
8971	45	3
8972	36	3
8973	37	2
8974	47	2
8975	46	1
8976	41	3
8977	40	2
8978	38	2
8979	42	3
8980	36	2
8981	50	1
8982	43	2
8983	41	2
8984	47	0
8985	49	2
8986	42	2
8987	38	2
8988	42	1
8989	42	3
8990	52	2
8991	43	1
8992	57	3
8993	42	1
8994	50	2
8995	38	2
8996	42	1
8997	42	3
8998	41	3
8999	46	2
9000	32	5
9001	42	1
9002	36	1
9003	41	1
9004	36	1
9005	36	2
9006	47	1
9007	47	1
9008	36	2
9009	42	3
9010	38	1
9011	48	0
9012	50	2
9013	31	2
9014	36	1
9015	35	2
9016	39	1
9017	35	2
9018	32	1
9019	52	4
9020	48	2
9021	35	1
9022	50	4
9023	47	3
9024	40	1
9025	48	2
9026	48	2
9027	33	2
9028	47	3
9029	41	2
9030	41	2
9031	42	1
9032	34	1
9033	44	2
9034	44	2
9035	48	1
9036	38	0
9037	39	2
9038	38	2
9039	47	2
9040	32	2
9041	35	2
9042	41	1
9043	46	0
9044	50	1
9045	37	1
9046	48	0
9047	39	0
9048	46	0
9049	48	1
9050	43	2
9051	38	2
9052	42	1
9053	41	2
9054	36	3
9055	30	1
9056	47	2
9057	32	2
9058	50	2
9059	50	2
9060	53	2
9061	40	3
9062	36	2
9063	41	1
9064	42	0
9065	47	1
9066	26	1
9067	44	1
9068	53	3
9069	41	2
9070	35	2
9071	31	1
9072	48	2
9073	51	0
9074	43	1
9075	49	3
9076	40	3
9077	37	0
9078	42	1
9079	42	1
9080	49	4
9081	38	1
9082	46	4
9083	46	1
9084	55	2
9085	36	3
9086	43	0
9087	43	1
9088	50	1
9089	44	1
9090	44	2
9091	39	0
9092	43	4
9093	36	1
9094	44	1
9095	45	3
9096	43	3
9097	46	3
9098	40	4
9099	50	2
9100	44	1
9101	37	2
9102	50	1
9103	30	2
9104	47	1
9105	41	3
9106	35	3
9107	47	2
9108	41	1
9109	45	0
9110	49	1
9111	55	1
9112	36	2
9113	44	1
9114	46	1
9115	51	0
9116	38	4
9117	50	3
9118	40	1
9119	42	1
9120	43	1
9121	41	2
9122	52	0
9123	43	1
9124	43	1
9125	41	2
9126	44	0
9127	47	3
9128	40	0
9129	48	2
9130	46	0
9131	42	1
9132	47	1
9133	38	2
9134	36	0
9135	42	1
9136	31	0
9137	47	2
9138	43	2
9139	46	1
9140	40	2
9141	50	1
9142	36	3
9143	46	2
9144	40	1
9145	38	0
9146	36	1
9147	48	4
9148	40	2
9149	43	2
9150	40	3
9151	39	1
9152	39	1
9153	33	2
9154	54	2
9155	45	1
9156	43	2
9157	40	4
9158	31	1
9159	39	3
9160	33	3
9161	47	2
9162	31	3
9163	44	2
9164	45	2
9165	41	2
9166	45	0
9167	45	3
9168	44	1
9169	56	2
9170	48	3
9171	38	2
9172	36	2
9173	40	3
9174	35	0
9175	47	2
9176	42	3
9177	38	1
9178	41	0
9179	33	3
9180	39	3
9181	35	3
9182	43	1
9183	41	3
9184	38	0
9185	44	3
9186	53	2
9187	38	2
9188	35	4
9189	42	1
9190	35	1
9191	51	1
9192	39	2
9193	40	1
9194	41	2
9195	38	2
9196	36	1
9197	48	0
9198	42	2
9199	45	1
9200	44	3
9201	48	0
9202	39	1
9203	46	1
9204	44	2
9205	42	3
9206	45	1
9207	49	1
9208	43	0
9209	38	3
9210	36	2
9211	36	4
9212	32	2
9213	53	2
9214	44	3
9215	48	2
9216	42	0
9217	45	2
9218	40	1
9219	40	1
9220	48	2
9221	40	2
9222	39	1
9223	49	2
9224	42	3
9225	32	3
9226	29	1
9227	43	3
9228	41	1
9229	52	1
9230	52	2
9231	54	1
9232	44	2
9233	37	2
9234	55	3
9235	37	2
9236	30	2
9237	46	1
9238	42	2
9239	39	0
9240	52	3
9241	33	3
9242	40	1
9243	43	1
9244	38	2
9245	35	1
9246	51	2
9247	47	1
9248	43	3
9249	54	3
9250	55	1
9251	41	2
9252	41	1
9253	38	0
9254	35	1
9255	44	3
9256	39	2
9257	38	1
9258	39	1
9259	46	0
9260	49	1
9261	45	1
9262	47	1
9263	30	1
9264	40	3
9265	44	2
9266	38	1
9267	43	2
9268	37	2
9269	45	2
9270	41	1
9271	44	2
9272	37	2
9273	43	2
9274	48	2
9275	46	2
9276	33	2
9277	42	2
9278	46	1
9279	44	0
9280	37	1
9281	41	1
9282	42	1
9283	28	1
9284	53	2
9285	31	1
9286	38	1
9287	36	2
9288	50	0
9289	45	3
9290	41	1
9291	38	1
9292	44	2
9293	53	3
9294	51	3
9295	40	2
9296	42	1
9297	36	3
9298	36	3
9299	42	3
9300	41	1
9301	35	3
9302	43	1
9303	37	2
9304	44	1
9305	55	2
9306	47	1
9307	49	2
9308	36	2
9309	37	1
9310	47	1
9311	37	3
9312	40	1
9313	50	3
9314	46	2
9315	36	1
9316	43	3
9317	41	3
9318	39	3
9319	38	3
9320	51	3
9321	50	1
9322	32	2
9323	44	2
9324	42	3
9325	47	1
9326	38	2
9327	45	1
9328	39	1
9329	40	1
9330	44	0
9331	47	1
9332	42	3
9333	37	2
9334	30	1
9335	47	2
9336	42	0
9337	42	3
9338	34	2
9339	35	3
9340	45	3
9341	36	1
9342	43	3
9343	38	2
9344	49	5
9345	41	0
9346	46	1
9347	41	2
9348	41	2
9349	38	2
9350	39	1
9351	50	2
9352	48	0
9353	39	1
9354	47	2
9355	46	2
9356	43	2
9357	41	2
9358	53	2
9359	41	4
9360	55	0
9361	41	3
9362	37	2
9363	44	2
9364	47	1
9365	33	2
9366	51	3
9367	43	2
9368	52	1
9369	48	2
9370	41	2
9371	37	1
9372	41	0
9373	54	2
9374	43	2
9375	42	1
9376	36	2
9377	37	1
9378	44	1
9379	33	0
9380	48	1
9381	45	2
9382	50	2
9383	47	1
9384	36	1
9385	32	2
9386	46	0
9387	42	0
9388	46	1
9389	39	1
9390	42	0
9391	40	2
9392	40	1
9393	50	0
9394	44	1
9395	31	1
9396	42	3
9397	33	3
9398	47	2
9399	43	2
9400	36	2
9401	38	3
9402	46	1
9403	43	2
9404	41	3
9405	47	3
9406	33	2
9407	46	3
9408	44	1
9409	55	1
9410	37	2
9411	50	1
9412	39	3
9413	51	2
9414	41	2
9415	49	1
9416	47	2
9417	39	1
9418	43	1
9419	36	1
9420	33	3
9421	46	1
9422	33	1
9423	42	1
9424	40	0
9425	40	2
9426	30	1
9427	52	2
9428	48	1
9429	49	1
9430	43	2
9431	43	3
9432	46	2
9433	42	1
9434	40	2
9435	50	2
9436	58	2
9437	47	1
9438	59	0
9439	45	3
9440	52	1
9441	41	1
9442	47	2
9443	49	1
9444	50	2
9445	34	1
9446	42	1
9447	57	4
9448	49	2
9449	56	2
9450	52	4
9451	50	0
9452	45	2
9453	52	2
9454	45	3
9455	43	2
9456	43	2
9457	39	2
9458	52	2
9459	42	1
9460	40	2
9461	46	0
9462	44	1
9463	36	0
9464	49	1
9465	37	1
9466	52	1
9467	41	2
9468	40	0
9469	37	1
9470	43	0
9471	43	2
9472	46	2
9473	44	3
9474	47	5
9475	48	1
9476	50	2
9477	57	0
9478	41	2
9479	58	1
9480	42	2
9481	44	3
9482	47	2
9483	39	1
9484	39	0
9485	41	2
9486	35	1
9487	38	2
9488	45	0
9489	44	1
9490	55	1
9491	44	2
9492	38	2
9493	46	1
9494	48	1
9495	40	2
9496	45	2
9497	44	5
9498	55	3
9499	47	2
9500	46	1
9501	35	2
9502	42	1
9503	39	0
9504	49	1
9505	41	1
9506	41	2
9507	39	0
9508	33	3
9509	48	1
9510	45	4
9511	39	1
9512	46	1
9513	36	3
9514	41	1
9515	46	3
9516	41	1
9517	42	2
9518	36	2
9519	33	0
9520	57	0
9521	43	0
9522	51	1
9523	49	2
9524	35	2
9525	32	1
9526	43	2
9527	49	1
9528	46	1
9529	44	4
9530	43	0
9531	43	2
9532	49	3
9533	44	2
9534	37	2
9535	39	0
9536	46	1
9537	53	2
9538	40	1
9539	45	2
9540	39	2
9541	48	3
9542	53	1
9543	48	2
9544	37	2
9545	46	1
9546	32	1
9547	51	2
9548	37	1
9549	34	2
9550	41	0
9551	44	0
9552	50	1
9553	27	3
9554	38	2
9555	35	0
9556	48	2
9557	42	1
9558	38	2
9559	44	2
9560	44	2
9561	43	1
9562	45	1
9563	53	0
9564	42	2
9565	35	0
9566	52	2
9567	47	2
9568	38	2
9569	28	1
9570	38	1
9571	42	1
9572	48	2
9573	38	2
9574	50	2
9575	42	2
9576	44	1
9577	51	1
9578	50	4
9579	41	3
9580	45	1
9581	33	0
9582	36	0
9583	40	2
9584	29	2
9585	35	3
9586	32	1
9587	39	1
9588	48	2
9589	49	2
9590	39	1
9591	39	1
9592	48	2
9593	40	4
9594	53	3
9595	38	2
9596	42	1
9597	38	2
9598	44	2
9599	39	1
9600	45	0
9601	43	1
9602	40	3
9603	47	4
9604	44	1
9605	45	2
9606	48	0
9607	48	3
9608	37	2
9609	39	4
9610	37	2
9611	44	2
9612	47	1
9613	42	2
9614	45	0
9615	48	2
9616	43	2
9617	40	1
9618	45	2
9619	31	3
9620	49	2
9621	34	1
9622	47	0
9623	43	2
9624	39	2
9625	44	2
9626	44	2
9627	31	1
9628	50	1
9629	27	2
9630	46	1
9631	47	3
9632	46	2
9633	39	0
9634	44	2
9635	41	0
9636	37	1
9637	42	1
9638	46	1
9639	43	3
9640	44	0
9641	46	1
9642	43	2
9643	44	1
9644	37	1
9645	39	0
9646	47	1
9647	41	2
9648	44	3
9649	34	1
9650	39	0
9651	57	1
9652	45	3
9653	34	3
9654	47	4
9655	46	0
9656	39	1
9657	38	1
9658	44	2
9659	34	4
9660	33	1
9661	35	1
9662	39	2
9663	52	1
9664	36	0
9665	47	3
9666	43	2
9667	39	2
9668	44	3
9669	38	1
9670	47	0
9671	56	0
9672	43	0
9673	40	0
9674	38	3
9675	37	1
9676	40	1
9677	52	1
9678	40	4
9679	45	2
9680	41	0
9681	39	1
9682	42	1
9683	41	0
9684	53	2
9685	44	0
9686	44	0
9687	38	4
9688	50	2
9689	48	2
9690	41	1
9691	41	1
9692	55	2
9693	27	2
9694	37	1
9695	36	1
9696	46	2
9697	46	3
9698	41	2
9699	49	3
9700	36	2
9701	44	1
9702	34	1
9703	37	2
9704	34	2
9705	44	2
9706	30	1
9707	47	2
9708	48	2
9709	33	1
9710	51	2
9711	46	3
9712	49	2
9713	31	2
9714	46	3
9715	42	2
9716	38	2
9717	43	0
9718	42	0
9719	37	0
9720	54	2
9721	40	3
9722	32	5
9723	37	3
9724	40	2
9725	40	4
9726	42	2
9727	37	3
9728	36	1
9729	46	4
9730	39	2
9731	44	1
9732	45	1
9733	45	1
9734	40	3
9735	44	2
9736	41	3
9737	41	1
9738	44	3
9739	33	2
9740	35	3
9741	43	3
9742	40	1
9743	35	0
9744	43	1
9745	39	0
9746	35	0
9747	42	3
9748	44	0
9749	39	1
9750	41	1
9751	40	2
9752	34	1
9753	42	1
9754	43	3
9755	35	0
9756	41	1
9757	45	3
9758	42	2
9759	46	2
9760	49	1
9761	42	4
9762	42	2
9763	46	0
9764	37	0
9765	42	2
9766	37	2
9767	36	2
9768	49	1
9769	49	1
9770	39	1
9771	45	2
9772	43	3
9773	47	2
9774	46	2
9775	36	1
9776	46	2
9777	50	5
9778	40	1
9779	50	1
9780	49	1
9781	43	3
9782	34	3
9783	43	1
9784	41	0
9785	41	2
9786	46	1
9787	42	2
9788	33	1
9789	51	0
9790	37	0
9791	43	0
9792	41	1
9793	46	1
9794	47	0
9795	34	4
9796	43	3
9797	44	1
9798	51	1
9799	39	2
9800	38	2
9801	44	0
9802	39	2
9803	46	2
9804	37	2
9805	39	3
9806	41	2
9807	39	2
9808	43	2
9809	51	1
9810	49	1
9811	52	1
9812	51	1
9813	44	0
9814	42	2
9815	37	3
9816	38	0
9817	43	1
9818	42	1
9819	41	0
9820	27	1
9821	55	0
9822	54	1
9823	39	0
9824	43	2
9825	40	2
9826	47	1
9827	36	1
9828	54	2
9829	40	2
9830	37	2
9831	38	2
9832	48	2
9833	46	3
9834	39	2
9835	37	1
9836	35	2
9837	42	2
9838	46	4
9839	38	1
9840	42	2
9841	38	3
9842	50	1
9843	54	1
9844	43	1
9845	33	1
9846	31	2
9847	54	1
9848	45	0
9849	36	1
9850	51	2
9851	32	0
9852	59	1
9853	36	1
9854	37	0
9855	44	1
9856	36	3
9857	37	1
9858	35	3
9859	39	1
9860	37	4
9861	42	1
9862	47	1
9863	45	1
9864	46	1
9865	47	3
9866	38	4
9867	48	3
9868	47	3
9869	49	0
9870	44	4
9871	39	1
9872	48	3
9873	44	0
9874	31	1
9875	42	3
9876	49	3
9877	42	2
9878	41	2
9879	46	1
9880	46	1
9881	33	2
9882	46	0
9883	34	0
9884	37	0
9885	47	1
9886	30	1
9887	54	0
9888	42	1
9889	50	0
9890	42	0
9891	48	2
9892	45	2
9893	36	1
9894	34	3
9895	40	1
9896	42	2
9897	42	1
9898	40	1
9899	39	2
9900	42	3
9901	53	2
9902	48	1
9903	43	1
9904	41	2
9905	46	4
9906	29	2
9907	41	1
9908	42	2
9909	39	2
9910	33	2
9911	47	1
9912	49	1
9913	34	2
9914	49	2
9915	37	3
9916	39	1
9917	54	3
9918	53	0
9919	33	2
9920	39	1
9921	44	3
9922	35	1
9923	44	1
9924	39	3
9925	47	1
9926	27	2
9927	41	2
9928	57	1
9929	56	1
9930	44	2
9931	51	1
9932	42	0
9933	39	0
9934	40	2
9935	47	1
9936	47	1
9937	37	1
9938	43	1
9939	44	1
9940	39	1
9941	35	2
9942	46	3
9943	37	1
9944	39	2
9945	42	0
9946	45	3
9947	40	1
9948	34	0
9949	44	2
9950	42	3
9951	51	2
9952	38	4
9953	34	1
9954	39	2
9955	40	2
9956	38	2
9957	46	0
9958	42	1
9959	36	2
9960	41	2
9961	42	1
9962	34	3
9963	47	3
9964	38	2
9965	43	2
9966	49	1
9967	43	3
9968	45	1
9969	49	2
9970	44	3
9971	45	3
9972	63	2
9973	47	1
9974	34	0
9975	40	1
9976	53	2
9977	45	2
9978	37	2
9979	42	1
9980	39	1
9981	36	2
9982	39	1
9983	49	2
9984	48	2
9985	41	4
9986	47	2
9987	38	2
9988	35	2
9989	48	3
9990	31	5
9991	38	2
9992	46	0
9993	52	1
9994	35	2
9995	39	2
9996	47	0
9997	49	1
9998	46	2
9999	45	1
10000	37	2
